ingredient	name	notes	page
Absinthe	Absinthe Drip	Vieux Pontarlier	46
Absinthe	Black Thorn (Irish)	rinse, St. George	70
Absinthe	Chrysanthemum	Vieux Pontarlier	89
Absinthe	Corpse Reviver No.2	rinse, Vieux Pontarlier	97
Absinthe	De la Louisiane	St. George	103
Absinthe	El Burro	Vieux Pontarlier	115
Absinthe	Golden Star Fizz	rinse, St. George	134
Absinthe	Green Deacon	rinse, St. George	136
Absinthe	Improved Whiskey Cocktail	rinse, Vieux Pontarlier	149
Absinthe	Judgment Day	rinse, Pernod	152
Absinthe	Monkey Gland	rinse, Vieux Pontarlier	182
Absinthe	Paddington	rinse, St. George	199
Absinthe	Primavera	rinse, St. George	211
Absinthe	Rapscallion	rinse, St. George	215
Absinthe	Rattlesnake	rinse, Vieux Pontarlier	216
Absinthe	Sazerac	rinse, Vieux Pontarlier	234
Absinthe	Shiso Malt Sour	Vieux Pontarlier	236
Absinthe	Staggerac	rinse, Edouard	245
Absinthe	Swiss Mist	spritz, Kubler	248
Absinthe	Swollen Gland	rinse, Vieux Pontarlier	249
Absinthe	Tuxedo	rinse, Vieux Pontarlier	257
Absinthe	Zombie Punch	Vieux Pontarlier	271
Allspice Dram	Apple Malt Toddy	St. Elizabeth	53
Allspice Dram	Coda	St. Elizabeth	94
Allspice Dram	El Molino	St. Elizabeth	116
Allspice Dram	Girl From Jerez	St. Elizabeth	133
Allspice Dram	Judgment Day	St. Elizabeth	152
Allspice Dram	Remember Maine	St. Elizabeth	219
Amaro Ciociaro	Bizet		66
Amaro Ciociaro	Buona Notte		82
Amaro Ciociaro	Donizetti		107
Amaro Ciociaro	Lacrimosa		157
Amaro Ciociaro	Triborough		253
Amer Picon	Brooklyn	Jamie Boudreau's replica	78
Aperol	212		43
Aperol	Aperol Spritz		51
Aperol	Archangel		56
Aperol	Cuzco		101
Aperol	Dewey D.		105
Aperol	Eclipse Cocktail		113
Aperol	Foreign Legion		124
Aperol	May Day		176
Aperol	Melon Stand		176
Aperol	South Slope		244
Apricot Liqueur	Against All Odds	Rothman & Winter	46
Apricot Liqueur	Apricot Flip	Rothman & Winter	53
Apricot Liqueur	Beachbum	Rothman & Winter	57
Apricot Liqueur	Bubbaloo	Rothman & Winter	81
Apricot Liqueur	Donizetti	Rothman & Winter	107
Apricot Liqueur	Hotel Nacional Special	Rothman & Winter	146
Apricot Liqueur	Leapfrog	Rothman & Winter	163
Apricot Liqueur	White Birch Fizz	Rothman & Winter	265
Aquavit	Blackbeard	Krogstad	67
Aquavit	Golden Star Fizz	Krogstad	134
Aquavit	Occidental	Linie	195
Aquavit	Primavera	Krogstad	211
Aquavit	Silk Road	Black Sesame-infused, Krogstad	238
Aquavit	Trident	Krogstad	253
Averna Amaro	Gilchrist		130
Bärenjäger Honey Liqueur	#8		42
Bärenjäger Honey Liqueur	Bee's Sip		60
Bärenjäger Honey Liqueur	King Bee		155
Batavia Arrack	Henry Hudson	van Oosten	143
Batavia Arrack	Rack & Rye	van Oosten	214
Beer, Pilsner	Beer and Smoke	Victory	58
Beer, Pumpkin	Great Pumpkin	Southampton	136
Beer, Raspberry	Frambroise Fizz	Oud Beersel Frambroise	124
Beer, Stout	Black Flip	Brooklyn Black Chocolate	67
Beer, White	Newfangled	Southampton Double White Ale	190
Bénédictine	Bobby Burns		74
Bénédictine	Caprice		84
Bénédictine	Chrysanthemum		89
Bénédictine	Condiment Cocktail		94
Bénédictine	De la Louisiane		103
Bénédictine	Frisco		129
Bénédictine	Harvest Sling		140
Bénédictine	Honeymoon Cocktail		143
Bénédictine	Hotel d'Alsace		146
Bénédictine	Junior		154
Bénédictine	King Bee		155
Bénédictine	L.E.S. Globetrotter		167
Bénédictine	Montgomery Smith		182
Bénédictine	Nouveau Carré		193
Bénédictine	Singapore Sling		241
Bénédictine	T&T		256
Bénédictine	Vieux Carré		262
Bénédictine	Widow's Kiss		268
Bénédictine	Woolworth		270
Bitters, Abbott's	Harvest Moon		139
Bitters, Angostura	Benton's Old-Fashioned		62
Bitters, Angostura	Betsy Ross		64
Bitters, Angostura	Black Thorn (Irish)		70
Bitters, Angostura	Champagne Cocktail		86
Bitters, Angostura	Champs Élysées		87
Bitters, Angostura	Chien Chaud		89
Bitters, Angostura	Dewey D.		105
Bitters, Angostura	Figetaboutit		120
Bitters, Angostura	Greenpoint		138
Bitters, Angostura	Improved Whiskey Cocktail		149
Bitters, Angostura	Japanese Cocktail		151
Bitters, Angostura	Jimmie Roosevelt		151
Bitters, Angostura	Junior		154
Bitters, Angostura	Little Bit Country		167
Bitters, Angostura	Luau		168
Bitters, Angostura	Manhattan		171
Bitters, Angostura	Newfangled		190
Bitters, Angostura	Nouveau Sangaree		193
Bitters, Angostura	Old-Fashioned Whiskey Cocktail		195
Bitters, Angostura	Pisco Sour		209
Bitters, Angostura	Prince of Wales		212
Bitters, Angostura	Professor		213
Bitters, Angostura	Pumpkin Toddy		212
Bitters, Angostura	Queens Park Swizzle		214
Bitters, Angostura	Rack & Rye		214
Bitters, Angostura	Remember Maine		219
Bitters, Angostura	Reverend Palmer		223
Bitters, Angostura	Rhum Club		224
Bitters, Angostura	Rob Roy		228
Bitters, Angostura	Rosita		229
Bitters, Angostura	Rust Belt		230
Bitters, Angostura	Sazerac		234
Bitters, Angostura	Seelbach Cocktail		234
Bitters, Angostura	Silk Road		238
Bitters, Angostura	Singapore Sling		241
Bitters, Angostura	Smoky Grove		243
Bitters, Angostura	Staggerac		245
Bitters, Angostura	T&T		256
Bitters, Angostura	Triborough		253
Bitters, Angostura	Up to Date		258
Bitters, Angostura	Vieux Carré		262
Bitters, Angostura	Widow's Kiss		268
Bitters, Angostura	Zombie Punch		271
Bitters, Barrel-Aged	Nigori Milk Punch	Feldman's	191
Bitters, Boker's	Martinez	Dr. Adam Elmegirab's	173
Bitters, Celery	Beer and Smoke	Bitter Truth	58
Bitters, Celery	Condiment Cocktail	Bitter Truth	94
Bitters, Celery	Ephemeral	Bitter Truth	117
Bitters, Grapefruit	Gilchrist	Fee Brothers	130
Bitters, Grapefruit	Vaccari	Bitter Truth	259
Bitters, Jerry Thomas	Johnny Apple Collins	Bitter Truth	152
Bitters, Lemon	Dry County Cocktail	Bitter Truth	107
Bitters, Lemon	Kina Miele	Bitter Truth	155
Bitters, Lemon	Tao of Pooh	Bitter Truth	250
Bitters, Lemon	Vaccari	Bitter Truth	259
Bitters, Old Fashion	100 Year Punch	Fee Brothers	45
Bitters, Orange	#8	Housemade (50/50 Fee Brothers/Regan's No. 6)	43
Bitters, Orange	Albert Mathieu	Housemade (50/50 Fee Brothers/Regan's No. 6)	49
Bitters, Orange	Astoria Bianco	Housemade (50/50 Fee Brothers/Regan's No. 6)	56
Bitters, Orange	Bijou	Housemade (50/50 Fee Brothers/Regan's No. 6)	66
Bitters, Orange	Blackthorn (English)	Housemade (50/50 Fee Brothers/Regan's No. 6)	70
Bitters, Orange	Caprice	Housemade (50/50 Fee Brothers/Regan's No. 6)	84
Bitters, Orange	Cavalier	Housemade (50/50 Fee Brothers/Regan's No. 6)	86
Bitters, Orange	Chrysanthemum	Housemade (50/50 Fee Brothers/Regan's No. 6)	89
Bitters, Orange	Conquistador	Housemade (50/50 Fee Brothers/Regan's No. 6)	96
Bitters, Orange	East India Cocktail	Housemade (50/50 Fee Brothers/Regan's No. 6)	111
Bitters, Orange	Leapfrog	Housemade (50/50 Fee Brothers/Regan's No. 6)	163
Bitters, Orange	Little Bit Country	Housemade (50/50 Fee Brothers/Regan's No. 6)	167
Bitters, Orange	Norman Inversion	Housemade (50/50 Fee Brothers/Regan's No. 6)	192
Bitters, Orange	Opera Cocktail	Housemade (50/50 Fee Brothers/Regan's No. 6)	198
Bitters, Orange	Paddy Wallbanger	Housemade (50/50 Fee Brothers/Regan's No. 6)	199
Bitters, Orange	Prince Edward	Housemade (50/50 Fee Brothers/Regan's No. 6)	211
Bitters, Orange	Professor	Housemade (50/50 Fee Brothers/Regan's No. 6)	213
Bitters, Orange	Rack & Rye	Housemade (50/50 Fee Brothers/Regan's No. 6)	214
Bitters, Orange	Rhum Club	Housemade (50/50 Fee Brothers/Regan's No. 6)	224
Bitters, Orange	Rye Witch	Housemade (50/50 Fee Brothers/Regan's No. 6)	232
Bitters, Orange	Shaddock Rose	Housemade (50/50 Fee Brothers/Regan's No. 6)	235
Bitters, Orange	Smoky Grove	Housemade (50/50 Fee Brothers/Regan's No. 6)	243
Bitters, Orange	Statesman	Housemade (50/50 Fee Brothers/Regan's No. 6)	247
Bitters, Orange	Tuxedo	Housemade (50/50 Fee Brothers/Regan's No. 6)	257
Bitters, Orange	Weeski	Housemade (50/50 Fee Brothers/Regan's No. 6)	264
Bitters, Orange	Woolworth	Housemade (50/50 Fee Brothers/Regan's No. 6)	270
Bitters, Peach	Trident	Fee Brothers	253
Bitters, Peruvian Amargo	Bubbaloo		81
Bitters, Peychaud's	De la Louisiane		103
Bitters, Peychaud's	Deshler		105
Bitters, Peychaud's	Falling Leaves		119
Bitters, Peychaud's	Masataka Swizzle		174
Bitters, Peychaud's	New Amsterdam		188
Bitters, Peychaud's	Nouveau Carré		193
Bitters, Peychaud's	Queens Park Swizzle		214
Bitters, Peychaud's	Red-Headed Saint		219
Bitters, Peychaud's	Sazerac		234
Bitters, Peychaud's	Seelbach Cocktail		234
Bitters, Peychaud's	Shaddock Rose		235
Bitters, Peychaud's	Silk Road		238
Bitters, Peychaud's	Staggerac		245
Bitters, Peychaud's	Swollen Gland		249
Bitters, Peychaud's	Vieux Carré		262
Bitters, Rhubarb	Foreign Legion	Fee Brothers	124
Bitters, Rhubarb	May Day	Fee Brothers	176
Bitters, Verbena	Red-Headed Saint	A.B. Smeby	219
Bitters, Whiskey Barrel Aged	Nth Degree	Fee Brothers	194
Bitters, Whiskey Barrel Aged	Red Devil	Fee Brothers	217
Bitters, Whiskey Barrel Aged	Wrong Aisle	Fee Brothers	271
Bitters, Xocolatl Mole	Left Hand Cocktail	Bittermens	164
Bitters, Xocolatl Mole	Plátanos en Mole Old Fashioned	Bittermens	209
Brandy, Apple	Applejack Rabbit	Laird's Bonded	52
Brandy, Apple	Diamondback	Laird's Bonded	106
Brandy, Apple	Great Pumpkin	Laird's Bonded	136
Brandy, Apple	Harvest Moon	Laird's Bonded	139
Brandy, Apple	Harvest Sling	Laird's Bonded	140
Brandy, Apple	Honeymoon Cocktail	Laird's Bonded	143
Brandy, Apple	Jack Rose	Laird's Bonded	149
Brandy, Apple	Master Cleanse	Laird's Bonded	175
Brandy, Apple	Newark	Laird's Bonded	189
Brandy, Apple	Nouveau Sangaree	Laird's Bonded	193
Brandy, Apple	Nth Degree	Laird's Bonded	194
Brandy, Apple	Persephone	Laird's Applejack	207
Brandy, Apple	Pink Lady	Laird's Applejack	208
Brandy, Apple	Pumpkin Toddy	Laird's Bonded	212
Brandy, Apple	Solstice	Laird's Bonded	243
Brandy, Apple	Widow's Kiss	Laird's Bonded	268
Brandy, Apple	Wrong Aisle	Laird's Bonded	271
Brandy, Cognac	#3 Cup	Hine VSOP	42
Brandy, Cognac	Apricot Flip	Hine VSOP	53
Brandy, Cognac	Betsy Ross	Pierre Ferrand Ambre	64
Brandy, Cognac	Black Jack	Pierre Ferrand Ambre	68
Brandy, Cognac	Brandy Crusta	Hine VSOP	74
Brandy, Cognac	Buona Notte	Walnut-infused, Hine VSOP	82
Brandy, Cognac	Cavalier	Hine VSOP	86
Brandy, Cognac	Champs Élysées	Hine VSOP	87
Brandy, Cognac	Coffee Cocktail	Martell VSOP	95
Brandy, Cognac	East India Cocktail	Martell VSOP	111
Brandy, Cognac	Field Cocktail	Pierre Ferrand Ambre	119
Brandy, Cognac	Fish House Punch	Pierre Ferrand Ambre	120
Brandy, Cognac	Fog Cutter	Hine VSOP	123
Brandy, Cognac	French Maid	Hine VSOP	128
Brandy, Cognac	Imperial Blueberry Fizz	Hine VSOP	147
Brandy, Cognac	Japanese Cocktail	Hine VSOP	151
Brandy, Cognac	Jimmie Roosevelt	Rémy Martin VSOP	151
Brandy, Cognac	L.E.S. Globetrotter	Hine VSOP	167
Brandy, Cognac	May Daisy	Hine VSOP	175
Brandy, Cognac	Midnight Express	Walnut-infused, Hine VSOP	179
Brandy, Cognac	Milk Punch	Pierre Ferrand Ambre	180
Brandy, Cognac	Montgomery Smith	Hine VSOP	182
Brandy, Cognac	Nigori Milk Punch	Hine VSOP	191
Brandy, Cognac	Prince of Wales	Hine VSOP	212
Brandy, Cognac	Sidecar	Rémy Martin VSOP	236
Brandy, Cognac	Velvet Club	Hine VSOP	260
Brandy, Cognac	Vieux Carré	Hine VSOP	262
Brandy, Jerez	Mount Vernon	Gran Duque d'Alba	186
Brandy, Pear	Falling Leaves	Clear Creek	119
Brandy, Pear	Gilchrist	Clear Creek	130
Brandy, Pear	Kina Miele	Clear Creek	155
Brandy, Pear	Perfect Pear	Clear Creek	205
Brandy, Pisco	Bee's Sip	Chamomile-infused, Barsol Quebranta	60
Brandy, Pisco	Bubbaloo	Macchu	81
Brandy, Pisco	Cuzco	Barsol Quebranta	101
Brandy, Pisco	Hot Buttered Pisco	Spice-infused, Macchu	144
Brandy, Pisco	Judgment Day	Macchu	152
Brandy, Pisco	King Bee	Barsol Quebranta	155
Brandy, Pisco	Pisco Sour	La Diablada	209
Brandy, Plum	Flying Dutchman	Clear Creek	123
Brandy, Plum	Left Coast	Clear Creek	165
Brandy, Plum	St. Rita	Clear Creek	247
Brine, Pickled Ramp	Rite of Spring		227
Butter, Apple	Witch's Kiss		268
Butter, Vanilla	Hot Buttered Pisco		144
Cachaça	Brazilian Tea Punch	Green Tea-infused, Leblon	76
Cachaça	Caipirinha	Beleza Pura	84
Cachaça	Girl From Jerez	Mãe de Ouro	133
Cachaça	Morango Fizz	Strawberry-infused, Mãe de Ouro	183
Cachaça	Pearl Button	Mãe de Ouro	204
Cachaça	Red-Headed Saint	Beleza Pura	219
Cachaça	Rio Bravo	Sagatiba	226
Campari	Americano Highball		49
Campari	Left Hand Cocktail		164
Campari	Negroni		188
Campari	Old Pal		198
Campari	Romeo y Julieta		228
Campari	Rosita		229
Campari	Siesta		237
Chartreuse, Green	Albert Mathieu		49
Chartreuse, Green	Bijou		66
Chartreuse, Green	Champs Élysées		87
Chartreuse, Green	Green Harvest		137
Chartreuse, Green	Harvest Moon		139
Chartreuse, Green	Jimmie Roosevelt		151
Chartreuse, Green	Last Word		162
Chartreuse, Green	Lawn Dart		162
Chartreuse, Green	May Daisy		175
Chartreuse, Green	Nth Degree		194
Chartreuse, Green	Old Flame	flaming	197
Chartreuse, Green	Statesman		247
Chartreuse, Green	Talbott Leaf		249
Chartreuse, Green	Tipperary Cocktail	rinse	251
Chartreuse, Green	Vauvert Slim		260
Chartreuse, Yellow	Buona Notte		82
Chartreuse, Yellow	Chien Chaud		89
Chartreuse, Yellow	Cloister		92
Chartreuse, Yellow	Diamondback		106
Chartreuse, Yellow	East Village Athletic Club Cocktail		112
Chartreuse, Yellow	Greenpoint		138
Chartreuse, Yellow	Japanese Courage		150
Chartreuse, Yellow	Koyo		157
Chartreuse, Yellow	La Louche		159
Chartreuse, Yellow	Lion's Tooth		166
Chartreuse, Yellow	Pearl of Puebla		205
Chartreuse, Yellow	Red-Headed Saint		219
Chartreuse, Yellow	Resting Point		222
Chartreuse, Yellow	Swollen Gland		249
Chartreuse, Yellow	Widow's Kiss		268
Cherry Heering	#3 Cup		42
Cherry Heering	Blood and Sand		73
Cherry Heering	Death Bed		102
Cherry Heering	Eclipse Cocktail		113
Cherry Heering	Harvest Sling		140
Cherry Heering	Mount Vernon		186
Cherry Heering	Remember the Maine		218
Cherry Heering	Singapore Sling		241
Cider, Apple	Apple Malt Toddy		53
Cider, Apple	Mum's Apple Pie		187
Cider, Apple	Norman Inversion	Dupont Brut Sparkling	192
Cider, Apple	Remember Maine	Red Jacket Orchard	219
Cocchi Americano	Kina Miele		155
Coffee	Black Jack	Coffee Concentrate	
Coffee	Midnight Express		179
Cointreau	Cavalier		86
Cointreau	Corpse Reviver No.2		97
Cointreau	Cosmopolitan		96
Cointreau	Deshler		105
Cointreau	Hotel d'Alsace		146
Cointreau	Margarita		171
Cointreau	Primavera		211
Cointreau	Royal Bermuda Yachtclub Cocktail		231
Cointreau	Seelbach Cocktail		234
Cointreau	Sidecar		236
Cointreau	Singapore Sling		241
Cointreau	Water Lily		263
Cointreau	Weeski		264
Cointreau	White Lady		267
Cordial, Grapefruit	Shaddock Rose	Small Hand Foods	235
Coridal, Lime	Gimlet		131
Cream, Heavy	Dulce de Leche		110
Cream, Heavy	New York Flip		190
Cream, Heavy	Ramos Gin Fizz		215
Cream, Heavy	Wellington Fizz		264
Crème de Banane	Plátanos en Mole Old Fashioned	Marie Brizard	209
Crème de Cacao	20th Century	Marie Brizard White	44
Crème de Cacao	21st Century	Mare Brizard White	44
Crème de Cacao	El Molino	Mare Brizard White	116
Crème de Cacao	Foreign Legion	Marie Brizard Dark	124
Crème de Cacao	Frambroise Fizz	Marie Brizard White	124
Crème de Cacao	La Florida Cocktail	Marie Brizard White	158
Crème de Cacao	Velvet Club	Marie Brizard White	260
Crème de Cassis	El Diablo	Theuriet	115
Crème de Mandarine	Opera Cocktail	Mandarin Napoleon	198
Crème de Violette	Águila Azteca	Rothman & Winter	48
Crème de Violette	Aviation	Rothman & Winter	57
Crème de Violette	Flying Dutchman	Creme Yvette	123
Crème de Violette	Imperial Blueberry Fizz	Creme Yvette	147
Crème de Violette	Left Coast	Rothman & Winter	165
Crème de Violette	Water Lily	Rothman & Winter	263
Curaçao, Orange	#3 Cup	Marie Brizard	42
Curaçao, Orange	Brandy Crusta	Marie Brizard	74
Curaçao, Orange	East India Cocktail	Marie Brizard	111
Curaçao, Orange	Falling Leaves	Marie Brizard	119
Curaçao, Orange	Honeymoon Cocktail	Marie Brizard	143
Curaçao, Orange	Mai-Tai	Marie Brizard	168
Curaçao, Orange	South Slope	Marie Brizard	244
Cynar	Berlioni		63
Cynar	Heirloom		140
Cynar	Koyo		157
Cynar	Talbott Leaf		249
Cynar	Trident		253
Drambuie	Lake George		158
Drambuie	Prince Edward		211
Drambuie	Rusty Nail		231
Dubonnet Rouge	Deshler		105
Dubonnet Rouge	Duboudreau Cocktail		110
Dubonnet Rouge	Foreign Legion		124
Dubonnet Rouge	Koyo		157
Dubonnet Rouge	Opera Cocktail		198
Dubonnet Rouge	Single Malt Sangaree		241
Dubonnet Rouge	Solstice		243
Eau de Vie	Raspberries Reaching	Trimbach Framboise	216
Egg, White	Clover Club		92
Egg, White	Conquistador		96
Egg, White	Frankfort Rose		126
Egg, White	Imperial Silver Corn Fizz		148
Egg, White	Judgment Day		152
Egg, White	Morango Fizz		183
Egg, White	Old Flame		197
Egg, White	Pink Lady		208
Egg, White	Pisco Sour		209
Egg, White	Ramos Gin Fizz		215
Egg, White	Rattlesnake		216
Egg, White	Rust Belt		230
Egg, White	Shiso Malt Sour		236
Egg, White	Silver Lining		239
Egg, White	Silver Root Beer Fizz		239
Egg, White	Silver Sangaree		240
Egg, White	Swiss Mist		248
Egg, White	Vauvert Slim		260
Egg, White	Wellington Fizz		264
Egg, White	White Birch Fizz		265
Egg, White	White Lady		267
Egg, Whole	Apricot Flip		53
Egg, Whole	Black Flip		67
Egg, Whole	Coda		94
Egg, Whole	Coffee Cocktail		95
Egg, Whole	Dulce de Leche		110
Egg, Whole	Great Pumpkin		136
Egg, Whole	Mae West Royal Diamond Fizz		169
Egg, Yolk	New York Flip		190
Elderflower Liqueur	Albert Mathieu	St-Germain	49
Elderflower Liqueur	Duboudreau Cocktail	St-Germain	110
Elderflower Liqueur	El Puente	St-Germain	117
Elderflower Liqueur	Ephemeral	St-Germain	117
Elderflower Liqueur	Judgment Day	St-Germain	152
Elderflower Liqueur	Kin Kan	St-Germain (rinse)	156
Elderflower Liqueur	Koyo	St-Germain (rinse)	157
Elderflower Liqueur	Le Père Bis	St-Germain	165
Elderflower Liqueur	Lion's Tooth	St-Germain	166
Elderflower Liqueur	Vieux Mot	St-Germain	261
Elderflower Liqueur	Wrong Aisle	rinse, St-Germain	271
Espresso Liqueur	Espresso Bongo	Illy	118
Essence, Bergamot	Wellington Fizz	Aftel	264
Essence, Clove	Spice Market	Aftel	245
Essence, Tobacco	Romeo y Julieta	Aftel	228
Falernum	Flora Astoria	John D. Taylor's Velvet	121
Falernum	French Maid	John D. Taylor's Velvet	128
Falernum	Royal Bermuda Yachtclub Cocktail	John D. Taylor's Velvet	231
Falernum	Spice Market	John D. Taylor's Velvet	245
Falernum	Zombie Punch	John D. Taylor's Velvet	271
Fernet-Branca	Duboudreau Cocktail		110
Fernet-Branca	Hanky Panky		138
Fernet-Branca	Montgomery Smith		182
Fernet-Branca	Newark		189
Fernet-Branca	Occidental	rinse	195
Galliano l'Autentico	Brewer's Breakfast		78
Galliano l'Autentico	Nigori Milk Punch		191
Galliano l'Autentico	Paddy Wallbanger		199
Galliano l'Autentico	Rust Belt		230
Galliano l'Autentico	Tao of Pooh		250
Galliano l'Autentico	Vaccari		259
Genever	Flying Dutchman	Bols	123
Genever	Henry Hudson	Bols	143
Genever	Japanese Courage	Bols	150
Genever	Left Coast	Anchor Genevieve	165
Genever	New Amsterdam	Bols	188
Genever	Red Devil	Bols	217
Gin, London Dry	Astoria Bianco	Tanqueray	56
Gin, London Dry	Aviation	Beefeater	57
Gin, London Dry	Berlioni	Tanqueray	63
Gin, London Dry	Bijou	Tanqueray	66
Gin, London Dry	Blackbeard	Beefeater	67
Gin, London Dry	Blackthorn (Rose)	Hendrick's	72
Gin, London Dry	Bronx	Beefeater	79
Gin, London Dry	Caprice	Beefeater	84
Gin, London Dry	Cloister	Tanqueray	92
Gin, London Dry	Cranberry Cobbler	Beefeater	98
Gin, London Dry	Donizetti	Tanqueray	107
Gin, London Dry	Flora Astoria	Hendrick's	121
Gin, London Dry	Fog Cutter	Tanqueray	123
Gin, London Dry	French 75	Tanqueray	127
Gin, London Dry	Gin & Tonic	Tanqueray	132
Gin, London Dry	Hanky Panky	Beefeater	138
Gin, London Dry	Kin Kan	Beefeater	156
Gin, London Dry	La Louche	Hendrick's	159
Gin, London Dry	Last Word	Tanqueray	162
Gin, London Dry	Lawn Dart	Tanqueray	162
Gin, London Dry	Monkey Gland	Beefeater	182
Gin, London Dry	Negroni	Beefeater	188
Gin, London Dry	Noce Royale	Beefeater	191
Gin, London Dry	Norman Inversion	Aviation	192
Gin, London Dry	Paul's Club Cocktail	Tanqueray	203
Gin, London Dry	Ramos Gin Fizz	Beefeater	215
Gin, London Dry	Rite of Spring	Tanqueray	227
Gin, London Dry	Shiso Delicious	Aviation	235
Gin, London Dry	South Slope	Beefeater	244
Gin, London Dry	Spice Market	Beefeater 24	245
Gin, London Dry	Statesman	Beefeater 24	247
Gin, London Dry	Swollen Gland	Berkshire Mountain Distillers' Greylock	249
Gin, London Dry	White Lady	Beefeater	267
Gin, Old Tom	Ephemeral	Ransom	117
Gin, Old Tom	Heirloom	Hayman's	140
Gin, Old Tom	Martinez	Hayman's	173
Gin, Old Tom	Tom Collins	Hayman's	252
Gin, Plymouth	20th Century		44
Gin, Plymouth	Albert Mathieu		49
Gin, Plymouth	Archangel		56
Gin, Plymouth	Bee's Knees		59
Gin, Plymouth	Blackthorn (English)		70
Gin, Plymouth	Cherry Pop		87
Gin, Plymouth	Clover Club		92
Gin, Plymouth	Corpse Reviver No.2		97
Gin, Plymouth	Desert Rose	rose-infused	104
Gin, Plymouth	Edgewood		113
Gin, Plymouth	Gimlet		131
Gin, Plymouth	Green Deacon		136
Gin, Plymouth	Leapfrog		163
Gin, Plymouth	Martini		173
Gin, Plymouth	May Day		176
Gin, Plymouth	Melon Stand		176
Gin, Plymouth	Old Flame		197
Gin, Plymouth	Old Maid		197
Gin, Plymouth	Opera Cocktail		198
Gin, Plymouth	Pink Lady		208
Gin, Plymouth	Singapore Sling		241
Gin, Plymouth	Sloe Gin Fizz		242
Gin, Plymouth	Southside		244
Gin, Plymouth	Swiss Mist		248
Gin, Plymouth	Tuxedo		257
Gin, Plymouth	Vesper		261
Gin, Plymouth	Vieux Mot		261
Gin, Plymouth	Water Lily		263
Gin, Plymouth	White Birch Fizz		265
Gin, Plymouth	White Negroni		267
Gin, Sloe	Blackthorn (English)	Plymouth	70
Gin, Sloe	Blackthorn (Rose)	Plymouth	72
Gin, Sloe	Green Deacon	Plymouth	136
Gin, Sloe	Noce Royale	Plymouth	191
Gin, Sloe	Nouveau Sangaree	Plymouth	193
Gin, Sloe	Persephone	Plymouth	207
Gin, Sloe	Sloe Gin Fizz	Plymouth	242
Ginger Ale	Pimms Cup	Fever Tree	207
Ginger Beer	#3 Cup		42
Ginger Beer	El Burro		115
Ginger Beer	El Diablo		115
Ginger Beer	French Maid		128
Ginger Beer	Harvest Sling		140
Ginger Beer	Mezcal Mule		178
Ginger Beer	Moscow Mule		186
Ginger Beer	Sage Old Buck		232
Ginger Liqueur	Águila Azteca	Canton	48
Ginger Liqueur	Crimson Tide	Canton	100
Ginger Liqueur	Dry County Cocktail	Canton	107
Ginger Liqueur	Japanese Courage	Canton	150
Godiva Original Liqueur	There Will Be Blood		250
Gran Classico Bitter	Mexicano		178
Grand Marnier	Betsy Ross		64
Grand Marnier	East Village Athletic Club Cocktail		112
Grand Marnier	Occidental		195
Grand Marnier	Prince of Wales		212
Grand Marnier	Rhubarbarita		224
Grand Marnier	Single Malt Sangaree		241
Grand Marnier	Up to Date		258
Grenadine	Jack Rose		149
Grenadine	La Florida Cocktail		158
Grenadine	Mae West Royal Diamond Fizz		169
Grenadine	Mary Pickford		174
Grenadine	Pharoaoh Cooler		206
Grenadine	Pink Lady		208
Grenadine	Rhubarbarita		224
Grenadine	Singapore Sling		241
Grenadine	Solstice		243
Grenadine	Zombie Punch		271
Horchata	Cafe Arroz		83
Jam, Fig	Figetaboutit	St. Dalfour	120
Juice, Blood Orange	There Will Be Blood		250
Juice, Cranberry	Cosmopolitan		96
Juice, Grapefruit	212	Ruby Red	43
Juice, Grapefruit	Blackstar		69
Juice, Grapefruit	Blinker		72
Juice, Grapefruit	Brown Derby		81
Juice, Grapefruit	Cloister		92
Juice, Grapefruit	Cuzco		101
Juice, Grapefruit	Edgewood		113
Juice, Grapefruit	El Puente		117
Juice, Grapefruit	Gilchrist		130
Juice, Grapefruit	Green Deacon		136
Juice, Grapefruit	Hemingway Daiquiri		141
Juice, Grapefruit	Mae West Royal Diamond Fizz		169
Juice, Grapefruit	Mount Vernon		186
Juice, Grapefruit	Navy Grog		187
Juice, Grapefruit	Norman Inversion		192
Juice, Grapefruit	Paddington		199
Juice, Grapefruit	Shiso Delicious		235
Juice, Grapefruit	Siesta		237
Juice, Grapefruit	Vauvert Slim		260
Juice, Honeydew Melon	Águila Azteca		48
Juice, Lemon	#3 Cup		42
Juice, Lemon	20th Century		44
Juice, Lemon	21st Century		44
Juice, Lemon	Applejack Rabbit		52
Juice, Lemon	Aviation		57
Juice, Lemon	Bee's Knees		59
Juice, Lemon	Betula		65
Juice, Lemon	Blackbeard		67
Juice, Lemon	Brandy Crusta		74
Juice, Lemon	Cameron's Kick		85
Juice, Lemon	Cavalier		86
Juice, Lemon	Champs Élysées		87
Juice, Lemon	Cherry Pop		87
Juice, Lemon	Cloister		92
Juice, Lemon	Clover Club		92
Juice, Lemon	Conquistador		96
Juice, Lemon	Corpse Reviver No.2		97
Juice, Lemon	Cuzco		101
Juice, Lemon	Desert Rose		104
Juice, Lemon	East Village Athletic Club Cocktail		112
Juice, Lemon	Eclipse Cocktail		113
Juice, Lemon	El Diablo		115
Juice, Lemon	Figetaboutit		120
Juice, Lemon	Fish House Punch		120
Juice, Lemon	Flying Dutchman		123
Juice, Lemon	Fog Cutter		123
Juice, Lemon	Frambroise Fizz		124
Juice, Lemon	Frankfort Rose		126
Juice, Lemon	French 75		127
Juice, Lemon	Gold Rush		134
Juice, Lemon	Golden Star Fizz		134
Juice, Lemon	Harvest Sling		140
Juice, Lemon	Henry Hudson		143
Juice, Lemon	Honeymoon Cocktail		143
Juice, Lemon	Jack Rose		149
Juice, Lemon	Johnny Apple Collins		152
Juice, Lemon	Judgment Day		152
Juice, Lemon	Kin Kan		156
Juice, Lemon	King Bee		155
Juice, Lemon	La Louche		159
Juice, Lemon	Lake George		158
Juice, Lemon	Leapfrog		163
Juice, Lemon	Left Coast		165
Juice, Lemon	Little Bit Country		167
Juice, Lemon	Mariner		172
Juice, Lemon	Masataka Swizzle		174
Juice, Lemon	Master Cleanse		175
Juice, Lemon	May Daisy		175
Juice, Lemon	May Day		176
Juice, Lemon	Melon Stand		176
Juice, Lemon	Morango Fizz		183
Juice, Lemon	Mum's Apple Pie		187
Juice, Lemon	Noval Cup		194
Juice, Lemon	Old Flame		197
Juice, Lemon	Paddington		199
Juice, Lemon	Parkside Fizz		202
Juice, Lemon	Perfect Pear		205
Juice, Lemon	Persephone		207
Juice, Lemon	Pimms Cup		207
Juice, Lemon	Pink Lady		208
Juice, Lemon	Primavera		211
Juice, Lemon	Pumpkin Toddy		212
Juice, Lemon	Ramos Gin Fizz		215
Juice, Lemon	Rattlesnake		216
Juice, Lemon	Resting Point		222
Juice, Lemon	Rhubarbarita		224
Juice, Lemon	Rust Belt		230
Juice, Lemon	Sage Old Buck		232
Juice, Lemon	Shiso Delicious		235
Juice, Lemon	Sidecar		236
Juice, Lemon	Silver Lining		239
Juice, Lemon	Silver Root Beer Fizz		239
Juice, Lemon	Silver Sangaree		240
Juice, Lemon	Sloe Gin Fizz		242
Juice, Lemon	South Slope		244
Juice, Lemon	Southside		244
Juice, Lemon	Swiss Mist		248
Juice, Lemon	Talbott Leaf		249
Juice, Lemon	Tom Collins		252
Juice, Lemon	Vieux Mot		261
Juice, Lemon	Ward Eight		263
Juice, Lemon	Water Lily		263
Juice, Lemon	Whiskey Smash	wedges	265
Juice, Lemon	White Birch Fizz		265
Juice, Lemon	White Lady		267
Juice, Lemon	Witch's Kiss		268
Juice, Lime	Airmail		48
Juice, Lime	Apple Daiquiri		51
Juice, Lime	Beachbum		57
Juice, Lime	Beer and Smoke		58
Juice, Lime	Blackstar		69
Juice, Lime	Caipirinha		84
Juice, Lime	Coconut Colada		93
Juice, Lime	Coda		94
Juice, Lime	Condiment Cocktail		94
Juice, Lime	Conquistador		96
Juice, Lime	Cosmopolitan		96
Juice, Lime	Crimson Tide		100
Juice, Lime	Daiquiri		103
Juice, Lime	Death Bed		102
Juice, Lime	El Burro		115
Juice, Lime	Espresso Bongo		118
Juice, Lime	Fish House Punch		120
Juice, Lime	French Maid		128
Juice, Lime	Fresa Verde		129
Juice, Lime	Gimlet		131
Juice, Lime	Girl From Jerez		133
Juice, Lime	Heirloom		140
Juice, Lime	Hemingway Daiquiri		141
Juice, Lime	Hotel Nacional Special		146
Juice, Lime	Judgment Day		152
Juice, Lime	Junior		154
Juice, Lime	Kansai Kick		154
Juice, Lime	La Florida Cocktail		158
Juice, Lime	Last Word		162
Juice, Lime	Lawn Dart		162
Juice, Lime	Luau		168
Juice, Lime	Mai-Tai		168
Juice, Lime	Margarita		171
Juice, Lime	Mezcal Mule		178
Juice, Lime	Mojito		181
Juice, Lime	Moscow Mule		186
Juice, Lime	Navy Grog		187
Juice, Lime	Old Maid		197
Juice, Lime	Paloma		202
Juice, Lime	Pearl Button		204
Juice, Lime	Pearl of Puebla		205
Juice, Lime	Pharoaoh Cooler		206
Juice, Lime	Pisco Sour		209
Juice, Lime	Queens Park Swizzle		214
Juice, Lime	Ramos Gin Fizz		215
Juice, Lime	Red-Headed Saint		219
Juice, Lime	Rhum Club		224
Juice, Lime	Rio Bravo		226
Juice, Lime	Royal Bermuda Yachtclub Cocktail		231
Juice, Lime	Rust Belt		230
Juice, Lime	Shiso Malt Sour		236
Juice, Lime	Siesta		237
Juice, Lime	Singapore Sling		241
Juice, Lime	St. Rita		247
Juice, Lime	Tommy's Margarita		252
Juice, Lime	Vauvert Slim		260
Juice, Lime	Wellington Fizz		264
Juice, Lime	Zombie Punch		271
Juice, Orange	Aperol Spritz		51
Juice, Orange	Applejack Rabbit		52
Juice, Orange	Blood and Sand		73
Juice, Orange	Bronx		79
Juice, Orange	Espresso Bongo		118
Juice, Orange	Fog Cutter		123
Juice, Orange	Monkey Gland		182
Juice, Orange	Perfect Pear		205
Juice, Orange	Swollen Gland		249
Juice, Orange	Ward Eight		263
Juice, Pineapple	Algonquin		50
Juice, Pineapple	Beachbum		57
Juice, Pineapple	Blackbeard		67
Juice, Pineapple	Coconut Colada		93
Juice, Pineapple	Death Bed		102
Juice, Pineapple	East India Cocktail		111
Juice, Pineapple	El Burro		115
Juice, Pineapple	Espresso Bongo		118
Juice, Pineapple	Field Cocktail		119
Juice, Pineapple	Flying Dutchman		123
Juice, Pineapple	Golden Star Fizz		134
Juice, Pineapple	Hotel Nacional Special		146
Juice, Pineapple	Left Coast		165
Juice, Pineapple	Mariner		172
Juice, Pineapple	Mary Pickford		174
Juice, Pineapple	Silver Root Beer Fizz		239
Juice, Pineapple	Singapore Sling		241
Juice, Watermelon	Melon Stand		176
Juice, Watermelon	Pharoaoh Cooler		206
Kahlúa	Cafe Arroz		83
Kirschwasser	Black Jack	Clear Creek	68
Kirschwasser	Cuzco	rinse, Clear Creek	101
Kirschwasser	Mount Vernon	Clear Creek	186
Kirschwasser	New Amsterdam	Clear Creek	188
Kirschwasser	Rose	Clear Creek	229
Kirschwasser	Triborough	Clear Creek	253
Licor 43	Silver Lining		239
Lillet Blanc	20th Century		44
Lillet Blanc	Albert Mathieu		49
Lillet Blanc	Brown Bomber		80
Lillet Blanc	Corpse Reviver No.2		97
Lillet Blanc	Edgewood		113
Lillet Blanc	Harvest Moon		139
Lillet Blanc	Nouveau Carré		193
Lillet Blanc	Paddington		199
Lillet Blanc	Pearl Button		204
Lillet Blanc	Prince Edward		211
Lillet Blanc	South Slope		244
Lillet Blanc	Velvet Club		260
Lillet Blanc	Vesper		261
Lillet Blanc	Weeski		264
Lillet Blanc	White Negroni		267
Lillet Rouge	Blackthorn (Rose)		72
Lillet Rouge	La Louche		159
Lillet Rouge	Wrong Aisle		271
Luxardo Amaretto	Figetaboutit		120
Luxardo Amaretto	Masataka Swizzle		174
Luxardo Amaretto	Midnight Express		179
Luxardo Bitter	Bizet		66
Luxardo Bitter	Lacrimosa		157
Luxardo Maraschino	Aviation		57
Luxardo Maraschino	Brandy Crusta		74
Luxardo Maraschino	Brooklyn		78
Luxardo Maraschino	Cherry Pop		87
Luxardo Maraschino	Flying Dutchman		123
Luxardo Maraschino	Hemingway Daiquiri		141
Luxardo Maraschino	Improved Whiskey Cocktail		149
Luxardo Maraschino	Last Word		162
Luxardo Maraschino	Left Coast		165
Luxardo Maraschino	Little Bit Country		167
Luxardo Maraschino	Martinez		173
Luxardo Maraschino	Mary Pickford		174
Luxardo Maraschino	Newark		189
Luxardo Maraschino	Tuxedo		257
Madeira	Kansai Kick	Blandy's Sercial	154
Madeira	Prince of Wales	Blandy's Sercial	212
Marmalade, Orange	Paddington	Bonne Maman	199
Mezcal	Against All Odds	rinse, Illegal Reposado	46
Mezcal	Beer and Smoke	Sombra	58
Mezcal	Eclipse Cocktail	rinse, Del Maguey Vida	113
Mezcal	El Molino	Sombra	116
Mezcal	El Puente	rinse, Del Maguey Vida	117
Mezcal	Mezcal Mule	Sombra	178
Mezcal	Pearl of Puebla	Sombra	205
Mezcal	T&T	Sombra	256
Milk, Whole	Milk Punch		180
Molasses, Pomegranate	Fresa Verde	Al Wadi	129
Molasses, Pomegranate	Monkey Gland	Al Wadi	182
Molasses, Pomegranate	Ward Eight	Al Wadi	263
Monteverdi Nocino	Noce Royale		191
Mustard, Brown	Condiment Cocktail	Gulden’s Spicy	94
Nonino Amaro	Occidental		195
Nonino Amaro	Solstice		243
Nonino Gioiello	Kina Miele		155
Orgeat	Beachbum		57
Orgeat	Cameron's Kick		85
Orgeat	Cavalier		86
Orgeat	Fog Cutter		123
Orgeat	Japanese Cocktail		151
Orgeat	Kansai Kick		154
Orgeat	Luau		168
Orgeat	Mai-Tai		168
Orgeat	Parkside Fizz		202
Orgeat	Rio Bravo		226
Orgeat	Rust Belt		230
Orgeat	Wellington Fizz		264
Peach Liqueur	Fish House Punch	Mathilde Pêche	120
Pear Liqueur	La Perla	Mathilde Pear	159
Pear Liqueur	Sage Old Buck	Belle de Brillet	232
Pear Liqueur	Statesman	Rothman & Winter	247
Pernod	Paul's Club Cocktail		203
Pernod	Pearl of Puebla		205
Pernod	Remember the Maine		218
Pimms #1	Pimms Cup		207
Pommeau Liquer	Apple Malt Toddy	Drouhin Pommeau	53
Pomogranate Liqueur	Raspberries Reaching		216
Port	Betsy Ross	Dow's Ruby	64
Port	Coffee Cocktail	Noval Black	95
Port	New York Flip	Noval Black	190
Port	Noval Cup	Noval Black	194
Port	Professor	Dow's Tawny	213
Port	Silver Sangaree	Dow's Ruby	240
Preserves, Apricot	Cavalier		86
Preserves, Raspberry	Blinker		72
Preserves, Raspberry	Clover Club		92
Preserves, Raspberry	Rose	Bonne Maman	229
Preserves, Strawberry	Talbott Leaf	Bonne Maman	249
Punsch	Gold Coast	Carlshamns Flaggpunsch	133
Punt e Mes	Edgewood		113
Punt e Mes	Greenpoint		138
Punt e Mes	Resting Point		222
Punt e Mes	Triborough		253
Purée, Passion Fruit	Espresso Bongo		118
Purée, Passion Fruit	Luau		168
Purée, Passion Fruit	Mezcal Mule		178
Purée, Passion Fruit	Wellington Fizz		264
Purée, Prickly Pear	Desert Rose	Perfect Purées of Napa Valley	104
Purée, Pumpkin	Pumpkin Toddy	Libby’s	212
Purée, Rhubarb	Rhubarbarita		224
Purée, Tamarind	T&T		256
Rhum	Chien Chaud	J.M. Rhum Blanc	89
Rhum	Coda	Neisson Rhum Blanc	94
Rhum	Death Bed	Barbancourt Blanc	102
Rhum	Girl From Jerez	Rhum Clément  VSOP	133
Rhum	Mai-Tai	Rhum Clément  VSOP	168
Rhum	Nth Degree	Rhum Clément  VSOP	194
Rhum	Professor	Rhum Clément  VSOP	213
Rhum	Queens Park Swizzle	Barbancourt 8 yo	214
Rhum	Remember Maine	Rhum Clément  VSOP	219
Rhum	Rust Belt	Barbancourt 8 yo	230
Rhum	Ti-Punch	Neisson Rhum Reserve Speciale	251
Root Beer	Silver Root Beer Fizz	Fitz’s	239
Rum	Airmail	Banks 5 Island	48
Rum	Apple Daiquiri	Flor de Caña Silver Dry	51
Rum	Beachbum	Mount Gay Eclipse Amber, Flor de Caña Silver Dry	57
Rum	Betula	Matusalem Gran Reserva	65
Rum	Black Flip	Cruzan Black Strap	67
Rum	Cinema Highball	Buttered Popcorn-infused, Flor de Caña Silver Dry	90
Rum	Coconut Colada	Flor de Caña Silver Dry	93
Rum	Coda	Pampero Aniversario	94
Rum	Conquistador	Matusalem Gran Reserva	96
Rum	Crimson Tide	Lemon Hart Overproof	100
Rum	Daiquiri	Banks 5 Island	103
Rum	Death Bed	Pampero Aniversario	102
Rum	East India Cocktail	Pampero Aniversario	111
Rum	Espresso Bongo	Appleton Reserve	118
Rum	Fish House Punch	Gosling's Black Seal	120
Rum	Fog Cutter	Bacardi 8	123
Rum	Foreign Legion	Mount Gay XO	124
Rum	Hemingway Daiquiri	Banks 5 Island	141
Rum	Hotel Nacional Special	Bacardi 8	146
Rum	La Florida Cocktail	Banks 5 Island	158
Rum	Luau	Wray & Nephew Overproof, Appleton Estate V/X, El Dorado 15 yo	168
Rum	Mai-Tai	Banks 5 Island	168
Rum	Mary Pickford	Banks 5 Island	174
Rum	Milk Punch	Myer's Dark	180
Rum	Mojito	Banks 5 Island	181
Rum	Mum's Apple Pie	Havana Club 7 yo	187
Rum	Navy Grog	Gosling's Black Seal, Appleton Reserve, El Dorado 15 yo	187
Rum	Paddington	Banks 5 Island	199
Rum	Plátanos en Mole Old Fashioned	Zacapa 23 Centenario	209
Rum	Rhum Club	Banks 5 Island	224
Rum	Romeo y Julieta	Zacapa 23 Centenario	228
Rum	Royal Bermuda Yachtclub Cocktail	Mount Gay Eclipse Amber	231
Rum	Silver Root Beer Fizz	Mount Gay Eclipse White, Smith & Cross Jamaican	239
Rum	Zombie Punch	Appleton Estate Reserve, Bacardi 8, Lemon Hart Overproof	271
Sake	100 Year Punch	Bek Se Ju 100-year Wine	45
Sake	Bee's Sip	Masumi Okuden Junmai	60
Sake	Brewer's Breakfast	Masumi Arabashiri	78
Sake	Japanese Courage	Kamoizumi Shusen	150
Sake	Koyo	Masumi Okuden Junmai	157
Sake	Mint Apple Crisp	Masumi Arabashiri	180
Sake	Nigori Milk Punch	Kamoizumi Nigori	191
Sake	Spice Market	Masumi Arabashiri	245
Sambuca	Blackstar	Borsci	69
Schnapps, Apple	Apple Daiquiri	Schönauer Apfel	51
Schnapps, Apple	Johnny Apple Collins	Schönauer Apfel	152
Schnapps, Apple	Norman Inversion	Schönauer Apfel	192
Sherry	#8	Lustau Palo Cortado	42
Sherry	Condiment Cocktail	Lustau Palo Cortado	94
Sherry	Cranberry Cobbler	Lustau East India	98
Sherry	Dewey D.	Lustau East India	105
Sherry	Dulce de Leche	Toro Albala Pedro Ximenez	110
Sherry	El Molino	Lustau Palo Cortado	116
Sherry	Fog Cutter	Lustau Cream	123
Sherry	Foreign Legion	Lustau Manzanilla	124
Sherry	Girl From Jerez	Lustau Pedro Ximenez	133
Sherry	King Bee	Lustau Palo Cortado	155
Sherry	La Perla	Lustau Manzanilla	159
Sherry	Lion's Tooth	Lustau Palo Cortado	166
Sherry	Mount Vernon	Lustau Pedro Ximenez	186
Sherry	Rapscallion	Lustau Pedro Ximenez	215
Sherry	Rye Witch	Lustau Palo Cortado	232
Sherry	Trident	Lustau Manzanilla	253
Sherry	Up to Date	Lustau Manzanilla	258
Sherry	Woolworth	Lustau Manzanilla	270
Shrubb, Concord Grape	Paul's Club Cocktail		203
Shrubb, Creole	Against All Odds	Rhum Clément	46
Shrubb, Creole	L.E.S. Globetrotter	Rhum Clément	167
Shrubb, Creole	Rhum Club	Rhum Clément	224
Shrubb, Quince	Wrong Aisle	Huilerie Beaujolaise Vinaigre de Coing	271
Soda, Club	Americano Highball		49
Soda, Club	Aperol Spritz		51
Soda, Club	Crimson Tide		100
Soda, Club	Gin & Tonic		132
Soda, Club	Mojito		181
Soda, Club	Morango Fizz		183
Soda, Club	Noval Cup		194
Soda, Club	Parkside Fizz		202
Soda, Club	Pharoaoh Cooler		206
Soda, Club	Ramos Gin Fizz		215
Soda, Club	Silver Lining		239
Soda, Club	Sloe Gin Fizz		242
Soda, Club	Tom Collins		252
Soda, Club	Wellington Fizz		264
Soda, Club	White Birch Fizz		265
Soda, Coca-Cola	Cinema Highball		90
Soda, Grapefruit	Paloma		202
Soda, Lemon	Johnny Apple Collins	Fever Tree Bitter Lemon	152
Soda, Lemon	Pearl Button	San Pellegrino Limonata	204
Sorbet	Coconut Colada		93
Sorrel, Spiced	Crimson Tide		100
Strega	Heirloom		140
Strega	Rye Witch		232
Strega	White Birch Fizz		265
Strega	Witch's Kiss		268
Suze	Brown Bomber		80
Suze	White Birch Fizz	spritz	265
Suze	White Negroni		267
Syrup, Agave	Blackbeard		67
Syrup, Agave	Lawn Dart		162
Syrup, Agave	Margarita		171
Syrup, Agave	Mezcal Mule		178
Syrup, Agave	Pearl of Puebla		205
Syrup, Agave	Red-Headed Saint		219
Syrup, Agave	Resting Point		222
Syrup, Agave	Tommy's Margarita		252
Syrup, Black Cardamon	Mariner		172
Syrup, Cane Sugar	Apple Daiquiri		51
Syrup, Cane Sugar	Apricot Flip		53
Syrup, Cane Sugar	Blackstar		69
Syrup, Cane Sugar	Champs Élysées		87
Syrup, Cane Sugar	Cherry Pop		87
Syrup, Cane Sugar	Cloister		92
Syrup, Cane Sugar	Clover Club		92
Syrup, Cane Sugar	Coffee Cocktail		95
Syrup, Cane Sugar	Conquistador		96
Syrup, Cane Sugar	Cosmopolitan		96
Syrup, Cane Sugar	Cuzco		101
Syrup, Cane Sugar	Daiquiri		103
Syrup, Cane Sugar	Desert Rose		104
Syrup, Cane Sugar	El Burro		115
Syrup, Cane Sugar	Espresso Bongo		118
Syrup, Cane Sugar	Fish House Punch		120
Syrup, Cane Sugar	Frankfort Rose		126
Syrup, Cane Sugar	French 75		127
Syrup, Cane Sugar	French Maid		128
Syrup, Cane Sugar	Hotel Nacional Special		146
Syrup, Cane Sugar	Improved Whiskey Cocktail		149
Syrup, Cane Sugar	Judgment Day		152
Syrup, Cane Sugar	La Louche		159
Syrup, Cane Sugar	Leapfrog		163
Syrup, Cane Sugar	May Daisy		175
Syrup, Cane Sugar	May Day		176
Syrup, Cane Sugar	Melon Stand		176
Syrup, Cane Sugar	Midnight Express		179
Syrup, Cane Sugar	Milk Punch		180
Syrup, Cane Sugar	Mint Apple Crisp		180
Syrup, Cane Sugar	Mint Julep		181
Syrup, Cane Sugar	Mojito		181
Syrup, Cane Sugar	Morango Fizz		183
Syrup, Cane Sugar	Moscow Mule		186
Syrup, Cane Sugar	Newfangled		190
Syrup, Cane Sugar	Norman Inversion		192
Syrup, Cane Sugar	Noval Cup		194
Syrup, Cane Sugar	Old Flame		197
Syrup, Cane Sugar	Old Maid		197
Syrup, Cane Sugar	Perfect Pear		205
Syrup, Cane Sugar	Pink Lady		208
Syrup, Cane Sugar	Pisco Sour		209
Syrup, Cane Sugar	Ramos Gin Fizz		215
Syrup, Cane Sugar	Rattlesnake		216
Syrup, Cane Sugar	Rhum Club		224
Syrup, Cane Sugar	Rye Witch		232
Syrup, Cane Sugar	Sage Old Buck		232
Syrup, Cane Sugar	Shiso Delicious		235
Syrup, Cane Sugar	Shiso Malt Sour		236
Syrup, Cane Sugar	Sidecar		236
Syrup, Cane Sugar	Siesta		237
Syrup, Cane Sugar	Silver Lining		239
Syrup, Cane Sugar	Sloe Gin Fizz		242
Syrup, Cane Sugar	Southside		244
Syrup, Cane Sugar	Ti-Punch		251
Syrup, Cane Sugar	Tom Collins		252
Syrup, Cane Sugar	Vieux Mot		261
Syrup, Cane Sugar	Ward Eight		263
Syrup, Cane Sugar	Whiskey Smash		265
Syrup, Cane Sugar	White Lady		267
Syrup, Caramelized Simple	Silk Road		238
Syrup, Clove	Silver Sangaree		240
Syrup, Cranberry	Cranberry Cobbler		98
Syrup, Demerara	Black Jack		68
Syrup, Demerara	Coda		94
Syrup, Demerara	Masataka Swizzle		174
Syrup, Demerara	Mum's Apple Pie		187
Syrup, Demerara	New Amsterdam		188
Syrup, Demerara	Nth Degree		194
Syrup, Demerara	Old-Fashioned Whiskey Cocktail		195
Syrup, Demerara	Queens Park Swizzle		214
Syrup, Demerara	Rack & Rye		214
Syrup, Demerara	Sazerac		234
Syrup, Demerara	Single Malt Sangaree		241
Syrup, Grapefruit	Swiss Mist		248
Syrup, Honey	Airmail		48
Syrup, Honey	Bee's Knees		59
Syrup, Honey	Brown Derby		81
Syrup, Honey	Falling Leaves		119
Syrup, Honey	Gold Rush		134
Syrup, Honey	Imperial Silver Corn Fizz		148
Syrup, Honey	Japanese Courage		150
Syrup, Honey	Le Père Bis		165
Syrup, Honey	Navy Grog		187
Syrup, Honey	St. Rita		247
Syrup, Kumquat	Kin Kan		156
Syrup, Lemon	Reverend Palmer		223
Syrup, Lemongrass	Brazilian Tea Punch		76
Syrup, Maple	Apple Malt Toddy		53
Syrup, Maple	Applejack Rabbit		52
Syrup, Maple	Benton's Old-Fashioned		62
Syrup, Maple	Betula		65
Syrup, Maple	Great Pumpkin		136
Syrup, Maple	Little Bit Country		167
Syrup, Maple	Master Cleanse		175
Syrup, Maple	Nouveau Sangaree		193
Syrup, Maple	Pumpkin Toddy		212
Syrup, Rice	100 Year Punch	Ssal-Yut	45
Syrup, Rose	Blackthorn (Rose)		72
Syrup, Tonic	Gin & Tonic		132
Syrup, Vanilla	Sage Old Buck		232
Tea, Chamomile	Le Père Bis		165
Tea, Hibiscus	Green Harvest		137
Tea, Jasmine	Golden Star Fizz	Golden Star Sparkling White	134
Tequila, Añejo	Dulce de Leche	Don Julio	110
Tequila, Añejo	Eclipse Cocktail	El Tesoro	113
Tequila, Añejo	Nouveau Carré	Ocho	193
Tequila, Blanco	21st Century	Siete Leguas	
Tequila, Blanco	Conquistador	Siembra Azul	96
Tequila, Blanco	East Village Athletic Club Cocktail	Siembra Azul	112
Tequila, Blanco	El Diablo	Siembra Azul	115
Tequila, Blanco	El Puente	José Cuervo Platino	117
Tequila, Blanco	Fresa Verde	Gran Centenario	129
Tequila, Blanco	Green Harvest	José Cuervo Platino	137
Tequila, Blanco	Lawn Dart	Partida	162
Tequila, Blanco	Margarita	El Tesoro	171
Tequila, Blanco	Pharoaoh Cooler	Partida	206
Tequila, Blanco	Rhubarbarita	Partida	224
Tequila, Blanco	Siesta	El Tesoro Platinum	237
Tequila, Blanco	T&T	Siembra Azul	256
Tequila, Blanco	Tommy's Margarita	L&J	252
Tequila, Blanco	Witch's Kiss	José Cuervo Platino	268
Tequila, Reposado	212	Partida	43
Tequila, Reposado	#8	Don Julio	42
Tequila, Reposado	Águila Azteca	José Cuervo Tradicional	48
Tequila, Reposado	Cafe Arroz	Gran Centenario	83
Tequila, Reposado	Condiment Cocktail	Partida	94
Tequila, Reposado	El Burro	Siembra Azul	115
Tequila, Reposado	Frambroise Fizz	Siete Leguas	124
Tequila, Reposado	La Perla	Partida	159
Tequila, Reposado	Mexicano	Partida	178
Tequila, Reposado	Paloma	Siete Leguas	202
Tequila, Reposado	Resting Point	Siete Leguas	222
Tequila, Reposado	Rosita	Partida	229
Tequila, Reposado	Shaddock Rose	El Tesoro	235
Tincture, Goldenseal	Master Cleanse		175
Tincture, Lavender	Flora Astoria		121
Trader Tiki's Don's Mix	Zombie Punch		271
Vermouth, Bianco/Blanc	Astoria Bianco	Martini	56
Vermouth, Bianco/Blanc	El Puente	Martini	117
Vermouth, Bianco/Blanc	Ephemeral	Dolin	117
Vermouth, Bianco/Blanc	Flora Astoria	Dolin	121
Vermouth, Dry	Algonquin	Dolin	50
Vermouth, Dry	Berlioni	Noilly Prat	63
Vermouth, Dry	Black Thorn (Irish)	Dolin	70
Vermouth, Dry	Bronx	Dolin	79
Vermouth, Dry	Brooklyn	Dolin	78
Vermouth, Dry	Caprice	Dolin	84
Vermouth, Dry	Chrysanthemum	Dolin	89
Vermouth, Dry	Dry County Cocktail	Dolin	107
Vermouth, Dry	Field Cocktail	Noilly Prat	119
Vermouth, Dry	Flora Astoria	Dolin	121
Vermouth, Dry	Kina Miele	Dolin	155
Vermouth, Dry	Martini		173
Vermouth, Dry	Old Pal	Dolin	198
Vermouth, Dry	Paddy Wallbanger	Dolin	199
Vermouth, Dry	Rite of Spring	Vya	227
Vermouth, Dry	Rose	Noilly Prat	229
Vermouth, Dry	Rosita	Dolin	229
Vermouth, Dry	Smoky Grove	Dolin	243
Vermouth, Dry	Tuxedo	Dolin	257
Vermouth, Dry	Vaccari	Dolin	259
Vermouth, Sweet	#3 Cup	Martini	42
Vermouth, Sweet	Americano Highball	Carpano Antica	49
Vermouth, Sweet	Bijou	Dolin	66
Vermouth, Sweet	Blackthorn (English)	Carpano Antica	70
Vermouth, Sweet	Blood and Sand	Carpano Antica	73
Vermouth, Sweet	Bobby Burns	Martini	74
Vermouth, Sweet	Bronx	Carpano Antica	79
Vermouth, Sweet	Bubbaloo	Carpano Antica	81
Vermouth, Sweet	De la Louisiane	Dolin	103
Vermouth, Sweet	Hanky Panky	Carpano Antica	138
Vermouth, Sweet	Harvest Sling	Martini	140
Vermouth, Sweet	La Florida Cocktail	Martini	158
Vermouth, Sweet	Left Hand Cocktail	Carpano Antica	164
Vermouth, Sweet	Manhattan	Martini	171
Vermouth, Sweet	Martinez	Dolin	173
Vermouth, Sweet	Negroni	Martini	188
Vermouth, Sweet	Newark	Vya	189
Vermouth, Sweet	Persephone	Dolin	207
Vermouth, Sweet	Professor	Carpano Antica	213
Vermouth, Sweet	Red Devil	Jujube tea-infused, Vya	217
Vermouth, Sweet	Remember the Maine	Carpano Antica	218
Vermouth, Sweet	Rob Roy	Dolin	228
Vermouth, Sweet	Romeo y Julieta	Carpano Antica	228
Vermouth, Sweet	Rosita	Martini	229
Vermouth, Sweet	Smoky Grove	Carpano Antica	243
Vermouth, Sweet	Tipperary Cocktail	Carpano Antica	251
Vermouth, Sweet	Vieux Carré	Carpano Antica	262
Vodka	Blackstar	Smirnoff Black	69
Vodka	Cosmopolitan	Hangar One Buddha's Hand	96
Vodka	Gold Coast	Karlsson's Gold	133
Vodka	Mint Apple Crisp	Heart of the Hudson Apple	180
Vodka	Moscow Mule	Smirnoff Black	186
Vodka	Parkside Fizz	Hangar One Buddha's Hand	202
Vodka	Tao of Pooh	42 Below Manuka Honey	250
Vodka	Vesper	Belvedere	261
Vodka	Wellington Fizz	42 Below Kiwi	264
Water, Coconut	Chien Chaud		89
Water, Coconut	Tao of Pooh		250
Water, Corn	Imperial Silver Corn Fizz		148
Water, Filtered	Absinthe Drip	Ice-Cold	46
Water, Hot	Hot Buttered Pisco		144
Water, Hot	Pumpkin Toddy		212
Water, Orange Flower	Ramos Gin Fizz		215
Water, Rose Flower	Pharoaoh Cooler		206
Water, Rose Flower	Raspberries Reaching		216
Water, Tonic	100 Year Punch		45
Whiskey, Bourbon	100 Year Punch	Elijah Craig 12 yo	45
Whiskey, Bourbon	Benton's Old-Fashioned	Bacon-infused, Four Roses	62
Whiskey, Bourbon	Brown Derby	Maker's Mark	81
Whiskey, Bourbon	Figetaboutit	Bulleit	120
Whiskey, Bourbon	Gold Rush	Elijah Craig 12 yo	134
Whiskey, Bourbon	Johnny Apple Collins	Maker's Mark	152
Whiskey, Bourbon	Left Hand Cocktail	Elijah Craig 12 yo	164
Whiskey, Bourbon	Little Bit Country	Bulleit	167
Whiskey, Bourbon	Mae West Royal Diamond Fizz	Goji berry-infused, Four Roses Single Barrel	169
Whiskey, Bourbon	Mint Julep	Booker's	181
Whiskey, Bourbon	New York Flip	Elijah Craig 12 yo	190
Whiskey, Bourbon	Newfangled	Old Grand-Dad Bonded	190
Whiskey, Bourbon	Reverend Palmer	Black Tea-infused, Elijah Craig 12 yo	223
Whiskey, Bourbon	Seelbach Cocktail	Bulleit	234
Whiskey, Bourbon	Staggerac	George T. Stagg or other high proof	245
Whiskey, Bourbon	Talbott Leaf	Old Grand-Dad Bonded	249
Whiskey, Bourbon	There Will Be Blood	Old Grand-Dad Bonded	250
Whiskey, Corn	Brewer's Breakfast	Glen Thunder	78
Whiskey, Irish	Against All Odds	Bushmills	46
Whiskey, Irish	Black Thorn (Irish)	Black Bush	70
Whiskey, Irish	Cameron's Kick	Jameson	85
Whiskey, Irish	Hotel d'Alsace	Bushmills	146
Whiskey, Irish	Lake George	Jameson	158
Whiskey, Irish	Paddy Wallbanger	Black Bush	199
Whiskey, Irish	Tipperary Cocktail	Black Bush	251
Whiskey, Irish	Weeski	Jameson	264
Whiskey, Rye	Algonquin	Rittenhouse	50
Whiskey, Rye	Betula	Birch-infused, Rittenhouse	65
Whiskey, Rye	Blinker	Wild Turkey	72
Whiskey, Rye	Brooklyn	Rittenhouse	78
Whiskey, Rye	De la Louisiane	Wild Turkey	103
Whiskey, Rye	Deshler	Rittenhouse	105
Whiskey, Rye	Dewey D.	Old Overholt	105
Whiskey, Rye	Diamondback	Rittenhouse	106
Whiskey, Rye	Duboudreau Cocktail	Rittenhouse	110
Whiskey, Rye	Frisco	Old Potrero Hotaling's	129
Whiskey, Rye	Great Pumpkin	Rittenhouse	136
Whiskey, Rye	Greenpoint	Rittenhouse	138
Whiskey, Rye	Harvest Moon	Wild Turkey	139
Whiskey, Rye	Improved Whiskey Cocktail	Rittenhouse	149
Whiskey, Rye	Junior	Rittenhouse	154
Whiskey, Rye	L.E.S. Globetrotter	Wild Turkey	167
Whiskey, Rye	Lacrimosa	Rittenhouse	157
Whiskey, Rye	Lion's Tooth	Dandelion root-infused, Rittenhouse	166
Whiskey, Rye	Manhattan	Wild Turkey	171
Whiskey, Rye	Old Pal	Old Overholt	198
Whiskey, Rye	Old-Fashioned Whiskey Cocktail	Wild Turkey	195
Whiskey, Rye	Pumpkin Toddy	Rittenhouse	212
Whiskey, Rye	Rack & Rye	Wild Turkey Russel's Reserve 6 yo	214
Whiskey, Rye	Rattlesnake	Rittenhouse	216
Whiskey, Rye	Remember the Maine	Wild Turkey Russel's Reserve 6 yo	218
Whiskey, Rye	Rye Witch	Rittenhouse	232
Whiskey, Rye	Sazerac	Rittenhouse	234
Whiskey, Rye	Silver Lining	Old Overholt	239
Whiskey, Rye	Solstice	Rittenhouse	243
Whiskey, Rye	Triborough	Wild Turkey	253
Whiskey, Rye	Up to Date	Wild Turkey	258
Whiskey, Rye	Vieux Carré	Sazerac 6 yo	262
Whiskey, Rye	Ward Eight	Rittenhouse	263
Whiskey, Rye	Whiskey Smash	Rittenhouse	265
Whiskey, Wheat	Frankfort Rose	Hibiscus-infused, Bernheim	126
Whisky, Blended Scotch	Apple Malt Toddy	Chivas Regal 12 yo	53
Whisky, Blended Scotch	Blood and Sand	Famous Grouse	73
Whisky, Blended Scotch	Cameron's Kick	Famous Grouse	85
Whisky, Blended Scotch	Gilchrist	Compass Box Asyla	130
Whisky, Blended Scotch	Mariner	Compass Box Oak Cross	172
Whisky, Blended Scotch	Prince Edward	Compass Box Oak Cross	211
Whisky, Blended Scotch	Rob Roy	Famous Grouse	228
Whisky, Blended Scotch	Rusty Nail	Famous Grouse	231
Whisky, Blended Scotch	Silver Sangaree	Famous Grouse	240
Whisky, Blended Scotch	Smoky Grove	Compass Box Peat Monster	243
Whisky, Blended Scotch	Vaccari	Chamomile-infused, Compass Box Asyla	259
Whisky, Blended Scotch	Woolworth	Compass Box Asyla	270
Whisky, Japanese Malt	Kansai Kick	Yamazaki 12 yo	154
Whisky, Japanese Malt	Masataka Swizzle	Nikka Taketsuru 12 yo	174
Whisky, Japanese Malt	Shiso Malt Sour	Yamazaki 12 yo	236
Whisky, Single Malt Scotch	Bobby Burns	Benromach 12 yo	74
Whisky, Single Malt Scotch	Lake George	Glenlivet 12 yo	158
Whisky, Single Malt Scotch	Le Père Bis	Ardbeg 10 yo	165
Whisky, Single Malt Scotch	Rapscallion	Talisker 10 yo	215
Whisky, Single Malt Scotch	Sage Old Buck	Benromach 12 yo	232
Whisky, Single Malt Scotch	Single Malt Sangaree	Oban 14 yo	241
Whisky, Single Malt Scotch	Vauvert Slim	Laphroaig 10 yo	260
Whisky, Tennessee	Brown Bomber	George Dickel No. 12	80
Whisky, Tennessee	Dry County Cocktail	George Dickel No. 12	107
Whisky, Tennessee	Imperial Silver Corn Fizz	George Dickel No. 12	148
Wine, Beaujolais Nouveau	Nouveau Sangaree		193
Wine, Cabernet Franc	Silver Sangaree	Paumanok	240
Wine, Cabernet Franc	Single Malt Sangaree	Paumanok	241
Wine, Champagne	Airmail	Moët Imperial	48
Wine, Champagne	Bizet	Moët Imperial	66
Wine, Champagne	Champagne Cocktail	Moët Imperial	86
Wine, Champagne	Donizetti	Moët Imperial	107
Wine, Champagne	French 75	Moët Imperial	127
Wine, Champagne	Imperial Blueberry Fizz	Moët Imperial	147
Wine, Champagne	Imperial Silver Corn Fizz	Moët Imperial	148
Wine, Champagne	Jimmie Roosevelt	Moët Imperial	151
Wine, Champagne	May Day	Moët Imperial	176
Wine, Champagne	Mexicano	Moët Imperial	178
Wine, Champagne	Noce Royale	Moët Imperial	191
Wine, Champagne	Prince of Wales	Moët Imperial	212
Wine, Champagne	Seelbach Cocktail	Moët Imperial	234
Wine, Champagne	St. Rita	Moët Imperial	247
Wine, Champagne	Velvet Club	Moët Imperial	260
Wine, Chardonnay	Against All Odds	Channing Daughters Scuttlehole	46
Wine, Chardonnay	Henry Hudson	Channing Daughters Scuttlehole	143
Wine, Prosecco	Aperol Spritz	Carpenè Malvolti	51
Wine, Reisling	Falling Leaves	Dr. Konstantin Frank	119
Wine, Rosé	Bizet	Shinn Estate	66
Wine, Tokaji	Raspberries Reaching	Tokaji Aszú 5 Puttonyos Red Label	216
Zwack	St. Rita		247
