name	notes	category	ingredient	page
AKU AKU	(1-INCH-SQUARE) CHUNKS PINEAPPLE		FRUIT (PINEAPPLE)	39
AKU AKU			LEAVES (MINT)	39
AKU AKU			JUICE (LIME)	39
AKU AKU			SYRUP (DEMERARA)	39
AKU AKU	PEACH LIQUEUR (SUCH AS MATHILDE, COMBIER, OR GIFFARD)		LIQUEUR (PEACH)	39
AKU AKU		2	RUM (BLENDED LIGHTLY AGED)	39
PUPULE			JUICE (LIME)	39
PUPULE			JUICE (ORANGE)	39
PUPULE			SYRUP (CINNAMON)	39
PUPULE			SYRUP (VANILLA)	39
PUPULE	ST. ELIZABETH ALLSPICE DRAM		LIQUEUR (ALLSPICE DRAM)	39
PUPULE		4	RUM (COLUMN STILL AGED)	39
PUPULE	ANGOSTURA BITTERS		BITTERS (AROMATIC)	39
DON'S OWN GROG			JUICE (LIME)	40
DON'S OWN GROG			SYRUP (DEMERARA)	40
DON'S OWN GROG			SYRUP (GRENADINE)	40
DON'S OWN GROG	LEOPOLD BROTHERS ROCKY MOUNTAIN BLACKBERRY LIQUEUR		LIQUEUR (BLACKBERRY)	40
DON'S OWN GROG		3	RUM (BLENDED AGED)	40
DON'S OWN GROG		2	RUM (BLENDED LIGHTLY AGED)	40
DON'S OWN GROG		5	RUM (BLACK BLENDED)	40
DON'S OWN GROG	ANGOSTURA BITTERS		BITTERS (AROMATIC)	40
PORT AU PRINCE			JUICE (LIME)	40
PORT AU PRINCE			JUICE (PINEAPPLE)	40
PORT AU PRINCE			SYRUP (DEMERARA)	40
PORT AU PRINCE			SYRUP (GRENADINE)	40
PORT AU PRINCE	JOHN D. TAYLOR'S VELVET FALERNUM		LIQUEUR (FALERNUM)	40
PORT AU PRINCE			RUM (CANE COFFEY STILL AGED)	40
PORT AU PRINCE	ANGOSTURA BITTERS		BITTERS (AROMATIC)	40
TREE DOTS AND A DASH			JUICE (LIME)	43
TREE DOTS AND A DASH			JUICE (ORANGE)	43
TREE DOTS AND A DASH			SYRUP (HONEY)	43
TREE DOTS AND A DASH	JOHN D. TAYLOR'S VELVET FALERNUM		LIQUEUR (FALERNUM)	43
TREE DOTS AND A DASH	ST. ELIZABETH ALLSPICE DRAM		LIQUEUR (ALLSPICE DRAM)	43
TREE DOTS AND A DASH		8	RUM (CANE AOC MARTINIQUE RHUM AGRICOLE VIEUX)	43
TREE DOTS AND A DASH		3	RUM (BLENDED AGED)	43
TREE DOTS AND A DASH	ANGOSTURA BITTERS		BITTERS (AROMATIC)	43
MEXICAN EL DIABLO	LIME WEDGE		FRUIT (LIME)	43
MEXICAN EL DIABLO			JUICE (LIME)	43
MEXICAN EL DIABLO			LIQUEUR (CRÈME DE CASSIS)	43
MEXICAN EL DIABLO			TEQUILA (BLANCO)	43
MEXICAN EL DIABLO	GINGER ALE		SODA (GINGER)	43
PORT LIGHT			EGG (WHITE)	44
PORT LIGHT			WHISKEY (BOURBON)	44
PORT LIGHT			JUICE (LEMON)	44
PORT LIGHT			SYRUP (HONEY)	44
PORT LIGHT			SYRUP (PASSION FRUIT)	44
DEMERARA DRY FLOAT		6	RUM (BLACK BLENDED OVERPROOF)	44
DEMERARA DRY FLOAT			JUICE (LIME)	44
DEMERARA DRY FLOAT			JUICE (LEMON)	44
DEMERARA DRY FLOAT			SYRUP (PASSION FRUIT)	44
DEMERARA DRY FLOAT			SYRUP (DEMERARA)	44
DEMERARA DRY FLOAT	LUXARDO MARASCHINO LIQUEUR		LIQUEUR (MARASCHINO)	44
DEMERARA DRY FLOAT		3	RUM (BLENDED AGED)	44
JET PILOT			JUICE (LIME)	61
JET PILOT			JUICE (GRAPEFRUIT)	61
JET PILOT			SYRUP (CINNAMON)	61
JET PILOT	JOHN D. TAYLOR'S VELVET FALERNUM		LIQUEUR (FALERNUM)	61
JET PILOT		5	RUM (BLACK BLENDED)	61
JET PILOT		3	RUM (BLENDED AGED)	61
JET PILOT		6	RUM (BLACK BLENDED OVERPROOF)	61
JET PILOT			BITTERS (HERBSTURA)	61
HALEKULANI COCKTAIL			JUICE (LEMON)	61
HALEKULANI COCKTAIL			JUICE (ORANGE)	61
HALEKULANI COCKTAIL			JUICE (PINEAPPLE)	61
HALEKULANI COCKTAIL			SYRUP (DEMERARA)	61
HALEKULANI COCKTAIL			SYRUP (GRENADINE)	61
HALEKULANI COCKTAIL			WHISKEY (BOURBON)	61
HALEKULANI COCKTAIL	ANGOSTURA BITTERS		BITTERS (AROMATIC)	61
SIDEWINDER'S FANG			GARNISH (SIDEWINDER'S FANG PEEL)	62
SIDEWINDER'S FANG			JUICE (LIME)	62
SIDEWINDER'S FANG			JUICE (ORANGE)	62
SIDEWINDER'S FANG			SYRUP (PASSION FRUIT)	62
SIDEWINDER'S FANG	SELTZER		SODA	62
SIDEWINDER'S FANG		3	RUM (BLENDED AGED)	62
SIDEWINDER'S FANG		5	RUM (BLACK BLENDED)	62
HAWAIIN SUNSET			JUICE (LIME)	62
HAWAIIN SUNSET			JUICE (LEMON)	62
HAWAIIN SUNSET	ORGEAT		SYRUP (ALMOND)	62
HAWAIIN SUNSET			SYRUP (GRENADINE)	62
HAWAIIN SUNSET			VODKA	62
CAPTAIN'S GROG			JUICE (LIME)	65
CAPTAIN'S GROG			JUICE (GRAPEFRUIT)	65
CAPTAIN'S GROG			SYRUP (MAPLE)	65
CAPTAIN'S GROG			EXTRACT (VANILLA)	65
CAPTAIN'S GROG			EXTRACT (ALMOND)	65
CAPTAIN'S GROG	SELTZER		SODA	65
CAPTAIN'S GROG	JOHN D. TAYLOR'S VELVET FALERNUM		LIQUEUR (FALERNUM)	65
CAPTAIN'S GROG	PIERRE FERRAND DRY CURACAO		LIQUEUR (ORANGE)	65
CAPTAIN'S GROG		5	RUM (BLACK BLENDED)	65
CAPTAIN'S GROG		2	RUM (BLENDED LIGHTLY AGED)	65
CAPTAIN'S GROG		3	RUM (BLENDED AGED)	65
SUFFERING BASTARD			BEER (GINGER)	65
SUFFERING BASTARD			JUICE (LIME)	65
SUFFERING BASTARD			SYRUP (DEMERARA)	65
SUFFERING BASTARD			GIN (LONDON DRY)	65
SUFFERING BASTARD			BRANDY (GRAPE)	65
SUFFERING BASTARD	ANGOSTURA BITTERS		BITTERS (AROMATIC)	65
MERCILESS VIRGIN			JUICE (LEMON)	67
MERCILESS VIRGIN	SELTZER		SODA	67
MERCILESS VIRGIN			LIQUEUR (CHERRY HEERING)	67
MERCILESS VIRGIN	JOHN D. TAYLOR'S VELVET FALERNUM		LIQUEUR (FALERNUM)	67
MERCILESS VIRGIN	PIERRE FERRAND DRY CURACAO		LIQUEUR (ORANGE)	67
MERCILESS VIRGIN		2	RUM (BLENDED LIGHTLY AGED)	67
SATURN			JUICE (LEMON)	67
SATURN			SYRUP (PASSION FRUIT)	67
SATURN	ORGEAT		SYRUP (ALMOND)	67
SATURN	JOHN D. TAYLOR'S VELVET FALERNUM		LIQUEUR (FALERNUM)	67
SATURN			GIN (LONDON DRY)	67
TIKI BOWL			JUICE (ORANGE)	68
TIKI BOWL			JUICE (LIME)	68
TIKI BOWL			SYRUP (HONEY)	68
TIKI BOWL		5	RUM (BLACK BLENDED)	68
TIKI BOWL		6	RUM (BLACK BLENDED OVERPROOF)	68
TIKI BOWL		4	RUM (COLUMN STILL AGED)	68
TIKI BOWL			BITTERS (HERBSTURA)	68
HURRICANE			JUICE (LEMON)	68
HURRICANE			SYRUP (PASSION FRUIT)	68
HURRICANE		5	RUM (BLACK BLENDED)	68
MUNDO PERDIDO			JUICE (LEMON)	93
MUNDO PERDIDO			SYRUP (CINNAMON)	93
MUNDO PERDIDO			SYRUP (DEMERARA)	93
MUNDO PERDIDO			BRANDY (APPLE)	93
MUNDO PERDIDO		5	RUM (BLACK BLENDED)	93
FORMIDABLE DRAGON			JUICE (LEMON)	93
FORMIDABLE DRAGON			JUICE (LIME)	93
FORMIDABLE DRAGON			SYRUP (HONEY)	93
FORMIDABLE DRAGON			SYRUP (MOLASSES)	93
FORMIDABLE DRAGON			AMARO (DI ANGOSTURA)	93
FORMIDABLE DRAGON		3	RUM (BLENDED AGED)	93
FORMIDABLE DRAGON		5	RUM (BLACK BLENDED)	93
FORMIDABLE DRAGON		1	POT STILL LIGHTLY AGED RUM (OVERPROOF)	93
FORMIDABLE DRAGON	SELTZER		SODA	93
LEI LANI VOLCANO 2.0	BUNDABERG GUAVA SODA		SODA (GUAVA)	94
LEI LANI VOLCANO 2.0			JUICE (PINEAPPLE)	94
LEI LANI VOLCANO 2.0			JUICE (LIME)	94
LEI LANI VOLCANO 2.0			CREAM (COCONUT)	94
LEI LANI VOLCANO 2.0		3	RUM (BLENDED AGED)	94
TRADEWINDS			JUICE (LEMON)	94
TRADEWINDS			CREAM (COCONUT)	94
TRADEWINDS	APRICOT LIQUEUR (SUCH AS ROTHMAN & WINTER APRICOT LIQUEUR OR GIFFARD ABRICOT DU ROUSSILLON)		LIQUEUR (APRICOT)	94
TRADEWINDS		5	RUM (BLACK BLENDED)	94
TRADEWINDS		2	RUM (BLENDED LIGHTLY AGED)	94
PEACHTREE PUNCH 2.0	YELLOW OR WHITE PEACH, PITTED, AND COARSELY CHOPPED INTO CHUNKS (WITH SKIN)		FRUIT (PEACH)	96
PEACHTREE PUNCH 2.0			JUICE (ORANGE)	96
PEACHTREE PUNCH 2.0			JUICE (LEMON)	96
PEACHTREE PUNCH 2.0			CREAM (COCONUT)	96
PEACHTREE PUNCH 2.0	PEACH LIQUEUR (SUCH AS MATHILDE PEACH OR COMBIER CRÈME DE PÊCHE DE VIGNE)		LIQUEUR (PEACH)	96
PEACHTREE PUNCH 2.0		2	RUM (BLENDED LIGHTLY AGED)	96
PEACHTREE PUNCH 2.0	SELTZER		SODA	96
JUNGLE BIRD			JUICE (PINEAPPLE)	96
JUNGLE BIRD			JUICE (LIME)	96
JUNGLE BIRD			SYRUP (DEMERARA)	96
JUNGLE BIRD			AMARO (CAMPARI)	96
JUNGLE BIRD		5	RUM (BLACK BLENDED)	96
GOLDEN GUN			JUICE (LIME)	97
GOLDEN GUN			JUICE (GRAPEFRUIT)	97
GOLDEN GUN			SYRUP (DEMERARA)	97
GOLDEN GUN	APRICOT LIQUEUR (SUCH AS ROTHMAN & WINTER APRICOT LIQUEUR OR GIFFARD ABRICOT DU ROUSSILLON)		LIQUEUR (APRICOT)	97
GOLDEN GUN		3	RUM (BLENDED AGED)	97
GOLDEN GUN		2	RUM (BLENDED LIGHTLY AGED)	97
GOLDEN GUN	ANGOSTURA BITTERS		BITTERS (AROMATIC)	97
HINKY DINKS FIZZY			WINE (SPARKLING)	97
HINKY DINKS FIZZY			JUICE (PINEAPPLE)	97
HINKY DINKS FIZZY			JUICE (LIME)	97
HINKY DINKS FIZZY			SYRUP (PASSION FRUIT)	97
HINKY DINKS FIZZY	APRICOT LIQUEUR (SUCH AS ROTHMAN & WINTER APRICOT LIQUEUR OR GIFFARD ABRICOT DU ROUSSILLON)		LIQUEUR (APRICOT)	97
HINKY DINKS FIZZY			GIN (LONDON DRY)	97
HINKY DINKS FIZZY		2	RUM (BLENDED LIGHTLY AGED)	97
PAMPANITO			JUICE (LEMON)	115
PAMPANITO			SYRUP (MOLASSES)	115
PAMPANITO	SELTZER		SODA	115
PAMPANITO	ST. ELIZABETH ALLSPICE DRAM		LIQUEUR (ALLSPICE DRAM)	115
PAMPANITO		5	RUM (BLACK BLENDED)	115
PAMPANITO	ANGOSTURA BITTERS		BITTERS (AROMATIC)	115
MAX'S MISTAKE			JUICE (LEMON)	115
MAX'S MISTAKE			SYRUP (PASSION FRUIT)	115
MAX'S MISTAKE			SYRUP (HONEY)	115
MAX'S MISTAKE			GIN (LONDON DRY)	115
MAX'S MISTAKE	ANGOSTURA BITTERS		BITTERS (AROMATIC)	115
MAX'S MISTAKE	FENTIMANS VICTORIAN LEMONADE (OR ANY QUALITY DRY SPARKLING LEMONADE)		SPARKLING LEMONADE	115
LA GUILDIVE			BEER (GINGER)	116
LA GUILDIVE			JUICE (LIME)	116
LA GUILDIVE			LIQUEUR (LICOR 43)	116
LA GUILDIVE	PEACH LIQUEUR (SUCH AS MATHILDE PEACH OR COMBIER CRÈME DE PÊCHE DE VIGNE)		LIQUEUR (PEACH)	116
LA GUILDIVE		3	RUM (BLENDED AGED)	116
LA GUILDIVE	GRATED CINNAMON		SPICE (CINNAMON)	116
THE TWENTY SEVENTY SWIZZLE			JUICE (LIME)	116
THE TWENTY SEVENTY SWIZZLE			SYRUP (DEMERARA)	116
THE TWENTY SEVENTY SWIZZLE			SYRUP (HONEY)	116
THE TWENTY SEVENTY SWIZZLE	ST. ELIZABETH ALLSPICE DRAM		LIQUEUR (ALLSPICE DRAM)	116
THE TWENTY SEVENTY SWIZZLE		4	RUM (COLUMN STILL AGED)	116
THE TWENTY SEVENTY SWIZZLE		6	RUM (BLACK BLENDED OVERPROOF)	116
THE TWENTY SEVENTY SWIZZLE			BITTERS (HERBSTURA)	116
THE TWENTY SEVENTY SWIZZLE	GRATED NUTMEG		SPICE (NUTMEG)	116
SHUDDERS IN A WHISPER			JUICE (LIME)	118
SHUDDERS IN A WHISPER			SYRUP (PASSION FRUIT)	118
SHUDDERS IN A WHISPER	PEAR LIQUEUR (SUCH AS MATHILDE POIRE)		LIQUEUR (PEAR)	118
SHUDDERS IN A WHISPER			LIQUEUR (DRAMBUIE)	118
SHUDDERS IN A WHISPER	SELTZER		SODA	118
SHUDDERS IN A WHISPER		4	RUM (COLUMN STILL AGED)	118
SHUDDERS IN A WHISPER	PEYCHAUD'S BITTERS		BITTERS (CREOLE)	118
SHUDDERS IN A WHISPER	ANGOSTURA BITTERS		BITTERS (AROMATIC)	118
CUEVAS			SYRUP (CINNAMON)	118
CUEVAS	PUNT E MES		VERMOUTH (SWEET)	118
CUEVAS			PORT (TAWNY)	118
CUEVAS		3	RUM (BLENDED AGED)	118
CUEVAS	BITTERMENS 'ELEMAKULE TIKI BITTERS		BITTERS (TIKI)	118
NORWEGIAN PARALYSIS			JUICE (ORANGE)	119
NORWEGIAN PARALYSIS			JUICE (PINEAPPLE)	119
NORWEGIAN PARALYSIS			JUICE (LEMON)	119
NORWEGIAN PARALYSIS			SYRUP (DEMERARA)	119
NORWEGIAN PARALYSIS	ORGEAT		SYRUP (ALMOND)	119
NORWEGIAN PARALYSIS			AQUAVIT	119
JUAN HO ROYALE	CHAMPAGNE OR SPARKLING WINE		WINE (SPARKLING)	119
JUAN HO ROYALE			JUICE (LIME)	119
JUAN HO ROYALE	ORGEAT		SYRUP (ALMOND)	119
JUAN HO ROYALE	BLUE CURACAO		LIQUEUR (ORANGE BLUE)	119
JUAN HO ROYALE	JOHN D. TAYLOR'S VELVET FALERNUM		LIQUEUR (FALERNUM)	119
JUAN HO ROYALE			TEQUILA (BLANCO)	119
CHARTREUSE SWIZZLE			JUICE (PINEAPPLE)	120
CHARTREUSE SWIZZLE			JUICE (LIME)	120
CHARTREUSE SWIZZLE	JOHN D. TAYLOR'S VELVET FALERNUM		LIQUEUR (FALERNUM)	120
CHARTREUSE SWIZZLE			LIQUEUR (CHARTREUSE GREEN)	120
ROSELITA	SELTZER		SODA	120
ROSELITA			JUICE (LIME)	120
ROSELITA	ORGEAT		SYRUP (ALMOND)	120
ROSELITA			LIQUEUR (HIBISCUS)	120
ROSELITA	PEAR LIQUEUR (SUCH AS MATHILDE POIRE)		LIQUEUR (PEAR)	120
ROSELITA		4	RUM (COLUMN STILL AGED)	120
ROSELITA	PEYCHAUD'S BITTERS		BITTERS (CREOLE)	120
CENTER OF THE GALAXY			JUICE (LIME)	121
CENTER OF THE GALAXY			SYRUP (DEMERARA)	121
CENTER OF THE GALAXY			SYRUP (HONEY)	121
CENTER OF THE GALAXY	ST. GEORGE RASPBERRY LIQUEUR		LIQUEUR (RASPBERRY)	121
CENTER OF THE GALAXY		3	RUM (BLENDED AGED)	121
CENTER OF THE GALAXY	GROUND CINNAMON		SPICE (CINNAMON)	121
CALLALOO COOLER	SELTZER		SODA	121
CALLALOO COOLER			JUICE (LIME)	121
CALLALOO COOLER			SYRUP (CINNAMON)	121
CALLALOO COOLER			LIQUEUR (CHERRY HEERING)	121
CALLALOO COOLER		2	RUM (BLENDED LIGHTLY AGED)	121
CALLALOO COOLER	ANGOSTURA BITTERS		BITTERS (AROMATIC)	121
TOP NOTCH VOLCANO			JUICE (LIME)	134
TOP NOTCH VOLCANO			JUICE (PINEAPPLE)	134
TOP NOTCH VOLCANO			PUREE (PASSION FRUIT)	134
TOP NOTCH VOLCANO			SYRUP (DEMERARA)	134
TOP NOTCH VOLCANO	LUXARDO MARASCHINO LIQUEUR		LIQUEUR (MARASCHINO)	134
TOP NOTCH VOLCANO		2	RUM (BLENDED LIGHTLY AGED)	134
TOP NOTCH VOLCANO		3	RUM (BLENDED AGED)	134
THE NAKED APE			JUICE (LEMON)	134
THE NAKED APE			SYRUP (CINNAMON)	134
THE NAKED APE	GIFFARD BANANE DU BRÉSIL BANANA LIQUEUR		BANANA LIQUEUR	134
THE NAKED APE		5	RUM (BLACK BLENDED)	134
THE NAKED APE		1	POT STILL LIGHTLY AGED RUM (OVERPROOF)	134
THE NAKED APE	ANGOSTURA BITTERS		BITTERS (AROMATIC)	134
SWIZZLE FRANÇAIS			JUICE (LIME)	136
SWIZZLE FRANÇAIS			SYRUP (MARTINIQUE SUGARCANE)	136
SWIZZLE FRANÇAIS	ST. ELIZABETH ALLSPICE DRAM		LIQUEUR (ALLSPICE DRAM)	136
SWIZZLE FRANÇAIS		8	RUM (CANE AOC MARTINIQUE RHUM AGRICOLE VIEUX)	136
SWIZZLE FRANÇAIS	GROUND CINNAMON		SPICE (NUTMEG)	136
SPARKLING MAI TAI			JUICE (LIME)	136
SPARKLING MAI TAI	ORGEAT		SYRUP (ALMOND)	136
SPARKLING MAI TAI	PIERRE FERRAND DRY CURACAO		LIQUEUR (ORANGE)	136
SPARKLING MAI TAI		6	RUM (BLACK BLENDED OVERPROOF)	136
SPARKLING MAI TAI		3	RUM (BLENDED AGED)	136
SPARKLING MAI TAI			WINE (SPARKLING)	136
THE ERNESTO	TING GRAPEFRUIT SODA		SODA (GRAPEFRUIT)	137
THE ERNESTO			JUICE (LIME)	137
THE ERNESTO			SYRUP (HONEY)	137
THE ERNESTO	APRICOT LIQUEUR (SUCH AS ROTHMAN & WINTER APRICOT LIQUEUR OR GIFFARD ABRICOT DU ROUSSILLON)		LIQUEUR (APRICOT)	137
THE ERNESTO			TEQUILA (BLANCO)	137
THE ERNESTO			BITTERS (HERBSTURA)	137
THE SEXPERT			JUICE (LEMON)	137
THE SEXPERT			SYRUP (PASSION FRUIT)	137
THE SEXPERT	JOHN D. TAYLOR'S VELVET FALERNUM		LIQUEUR (FALERNUM)	137
THE SEXPERT	PERUVIAN PISCO		BRANDY (PISCO)	137
THE SEXPERT			GIN	137
THE SEXPERT			BITTERS (BITTERMENS BURLESQUE)	137
SMUGGLER'S RUM BARREL			JUICE (LIME)	139
SMUGGLER'S RUM BARREL			JUICE (PINEAPPLE)	139
SMUGGLER'S RUM BARREL			SECRET	139
SMUGGLER'S RUM BARREL			SECRET	139
SMUGGLER'S RUM BARREL		6	RUM (BLACK BLENDED OVERPROOF)	139
SMUGGLER'S RUM BARREL	ANGOSTURA BITTERS		BITTERS (AROMATIC)	139
HANA REVIVER			JUICE (LEMON)	139
HANA REVIVER			SYRUP (PASSION FRUIT)	139
HANA REVIVER			LI HING MUI POWDER	139
HANA REVIVER	SELTZER		SODA	139
HANA REVIVER			LIQUEUR (MARASCHINO)	139
HANA REVIVER			RUM (POT STILL UNAGED)	139
KAITEUR SWIZZLE			JUICE (LIME)	140
KAITEUR SWIZZLE			SYRUP (MAPLE)	140
KAITEUR SWIZZLE	JOHN D. TAYLOR'S VELVET FALERNUM		LIQUEUR (FALERNUM)	140
KAITEUR SWIZZLE	BLENDED AGED RUM (GUYANA)	3	RUM (BLENDED AGED)	140
KAITEUR SWIZZLE	ANGOSTURA BITTERS		BITTERS (AROMATIC)	140
THE EXPEDITION			JUICE (LIME)	140
THE EXPEDITION			SYRUP (CINNAMON)	140
THE EXPEDITION			SYRUP (HONEY)	140
THE EXPEDITION	VANILLLA SYRUP		SYRUP (VANILLA)	140
THE EXPEDITION	SELTZER		SODA	140
THE EXPEDITION	BITTERMENS NEW ORLEANS COFFEE LIQUEUR		LIQUEUR (COFFEE)	140
THE EXPEDITION		5	RUM (BLACK BLENDED)	140
THE EXPEDITION			WHISKEY (BOURBON)	140
THE UNDEAD GENTLEMAN			ABSINTHE (BLANC)	142
THE UNDEAD GENTLEMAN			JUICE (LIME)	142
THE UNDEAD GENTLEMAN			JUICE (GRAPEFRUIT) (WHITE OR PINK)	142
THE UNDEAD GENTLEMAN			SYRUP (CINNAMON)	142
THE UNDEAD GENTLEMAN	JOHN D. TAYLOR'S VELVET FALERNUM		LIQUEUR (FALERNUM)	142
THE UNDEAD GENTLEMAN		6	RUM (BLACK BLENDED OVERPROOF)	142
THE UNDEAD GENTLEMAN		3	RUM (BLENDED AGED)	142
THE UNDEAD GENTLEMAN	ANGOSTURA BITTERS		BITTERS (AROMATIC)	142
THE DEAD RECKONING	SELTZER		SODA	142
THE DEAD RECKONING			JUICE (LEMON)	142
THE DEAD RECKONING			JUICE (PINEAPPLE)	142
THE DEAD RECKONING			SYRUP (MAPLE)	142
THE DEAD RECKONING			BRANDY (VANILLA)	142
THE DEAD RECKONING			PORT (TAWNY)	142
THE DEAD RECKONING		3	RUM (BLENDED AGED)	142
THE DEAD RECKONING	ANGOSTURA BITTERS		BITTERS (AROMATIC)	142
FALINUM			JUICE (LEMON)	144
FALINUM			CREAM (COCONUT)	144
FALINUM	SELTZER		SODA	144
FALINUM	JOHN D. TAYLOR'S VELVET FALERNUM		LIQUEUR (FALERNUM)	144
FALINUM		4	RUM (COLUMN STILL AGED)	144
FALINUM			BITTERS (ORANGE)	144
HUMUHUMUNUKUNUKUAPUA'A			JUICE (LEMON)	144
HUMUHUMUNUKUNUKUAPUA'A			JUICE (PINEAPPLE)	144
HUMUHUMUNUKUNUKUAPUA'A	ORGEAT		SYRUP (ALMOND)	144
HUMUHUMUNUKUNUKUAPUA'A			GIN	144
HUMUHUMUNUKUNUKUAPUA'A	PEYCHAUD'S BITTERS		BITTERS (CREOLE)	144
LAUWILIWILINUKUNUKU'OI'OI			JUICE (LEMON)	144
LAUWILIWILINUKUNUKU'OI'OI			JUICE (PINEAPPLE)	144
LAUWILIWILINUKUNUKU'OI'OI	ORGEAT		SYRUP (ALMOND)	144
LAUWILIWILINUKUNUKU'OI'OI		3	RUM (BLENDED AGED)	144
LAUWILIWILINUKUNUKU'OI'OI	PEYCHAUD'S BITTERS		BITTERS (CREOLE)	144
FINKELGROG			JUICE (LIME)	145
FINKELGROG			JUICE (GRAPEFRUIT)	145
FINKELGROG	ORGEAT		SYRUP (ALMOND)	145
FINKELGROG			SYRUP (NAPA WINE)	145
FINKELGROG			LIQUEUR (LICOR 43)	145
FINKELGROG		2	RUM (BLENDED LIGHTLY AGED)	145
FINKELGROG		5	RUM (BLACK BLENDED)	145
FINKELGROG	SELTZER		SODA	145
FINKELGROG	GROUND CINNAMON		SPICE (CINNAMON)	145
FOR PETE'S SAKE			JUICE (LIME)	145
FOR PETE'S SAKE			SYRUP (DEMERARA)	145
FOR PETE'S SAKE			LIQUEUR (HIBISCUS)	145
FOR PETE'S SAKE			LIQUEUR (CHERRY HEERING)	145
FOR PETE'S SAKE	PERUVIAN PISCO		BRANDY (PISCO)	145
FOR PETE'S SAKE	ANGOSTURA BITTERS		BITTERS (AROMATIC)	145
ARRACK PUNCH			JUICE (LEMON)	163
ARRACK PUNCH			JUICE (LIME)	163
ARRACK PUNCH			SYRUP (DEMERARA)	163
ARRACK PUNCH			BATAVIA ARRACK	163
ARRACK PUNCH		1	POT STILL LIGHTLY AGED RUM (OVERPROOF)	163
ARRACK PUNCH			CABONATED CHAI TEA	163
EL DRAQUE			LEAVES (MINT)	163
EL DRAQUE			SYRUP (DEMERARA)	163
EL DRAQUE			JUICE (LIME)	163
EL DRAQUE	POT STILL AGED CACHAÇA		CACHAÇA	163
GROG			JUICE (LIME)	165
GROG			SYRUP (DEMERARA)	165
GROG			RUM	165
RUM FLIP			EGG MEDIUM	165
RUM FLIP			SYRUP (DEMERARA)	165
RUM FLIP		3	RUM (BLENDED AGED)	165
BOMBO			SYRUP (DEMERARA)	167
BOMBO		3	RUM (BLENDED AGED)	167
CALIBOGUS	SELTZER		SODA	167
CALIBOGUS			JUICE (LIME)	167
CALIBOGUS			SYRUP (MOLASSES)	167
CALIBOGUS			EXTRACT (SPRUCE BEER SODA)	167
CALIBOGUS	ZIRBENZ STONE PINE LIQUEUR		LIQUEUR (PINE)	167
CALIBOGUS		3	RUM (BLENDED AGED)	167
MARY PICKFORD			JUICE (PINEAPPLE)	168
MARY PICKFORD			SYRUP (GRENADINE)	168
MARY PICKFORD	LUXARDO MARASCHINO LIQUEUR		LIQUEUR (MARASCHINO)	168
MARY PICKFORD		2	RUM (BLENDED LIGHTLY AGED)	168
DAIQUIRI NO. 1			JUICE (LIME)	168
DAIQUIRI NO. 1			SYRUP (DEMERARA)	168
DAIQUIRI NO. 1		2	RUM (BLENDED LIGHTLY AGED)	168
HOTEL NACIONAL SPECIAL	(1-INCH-SQUARE) PINEAPPLE CHUNKS		FRUIT (PINEAPPLE)	171
HOTEL NACIONAL SPECIAL			JUICE (LIME)	171
HOTEL NACIONAL SPECIAL			SYRUP (DEMERARA)	171
HOTEL NACIONAL SPECIAL	APRICOT LIQUEUR (SUCH AS ROTHMAN & WINTER APRICOT LIQUEUR OR GIFFARD ABRICOT DU ROUSSILLON)		LIQUEUR (APRICOT)	171
HOTEL NACIONAL SPECIAL		2	RUM (BLENDED LIGHTLY AGED)	171
DAISY DE SANTIAGO			JUICE (LIME)	171
DAISY DE SANTIAGO			SYRUP (DEMERARA)	171
DAISY DE SANTIAGO	SELTZER		SODA	171
DAISY DE SANTIAGO			LIQUEUR (YELLOW CHARTREUSE)	171
DAISY DE SANTIAGO		2	RUM (BLENDED LIGHTLY AGED)	171
EL PRESIDENTE			SYRUP (GRENADINE)	172
EL PRESIDENTE			VERMOUTH (DRY)	172
EL PRESIDENTE	PIERRE FERRAND DRY CURACAO		LIQUEUR (ORANGE)	172
EL PRESIDENTE		2	RUM (BLENDED LIGHTLY AGED)	172
TWELVE MILE LIMIT			JUICE (LEMON)	172
TWELVE MILE LIMIT			SYRUP (GRENADINE)	172
TWELVE MILE LIMIT		2	RUM (BLENDED LIGHTLY AGED)	172
TWELVE MILE LIMIT			WHISKEY (RYE)	172
TWELVE MILE LIMIT			BRANDY (GRAPE)	172
PARISIAN BLONDE	PIERRE FERRAND DRY CURACAO		LIQUEUR (ORANGE)	174
PARISIAN BLONDE		3	RUM (BLENDED AGED)	174
PARISIAN BLONDE			CREAM (SWEET)	174
CORA MIDDLETON			EGG (WHITE)	174
CORA MIDDLETON		3	RUM (BLENDED AGED)	174
CORA MIDDLETON			JUICE (LIME)	174
CORA MIDDLETON			SYRUP (DEMERARA)	174
CORA MIDDLETON	SMALL HAND FOODS RASPBERRY GUM SYRUP		SYRUP (RASPBERRY GUM)	174
MILLIONAIRE COCKTAIL NO. 1			JUICE (LIME)	175
MILLIONAIRE COCKTAIL NO. 1			SYRUP (GRENADINE)	175
MILLIONAIRE COCKTAIL NO. 1	APRICOT LIQUEUR (SUCH AS ROTHMAN & WINTER APRICOT LIQUEUR OR GIFFARD ABRICOT DU ROUSSILLON)		LIQUEUR (APRICOT)	175
MILLIONAIRE COCKTAIL NO. 1			BLACK POT STILL RUM	175
MILLIONAIRE COCKTAIL NO. 1		OR 3	RUM (BLENDED AGED)	175
MILLIONAIRE COCKTAIL NO. 1			GIN (SLOE)	175
BATIDA DE MARACUJA E COCO			PUREE (PASSION FRUIT)	175
BATIDA DE MARACUJA E COCO			COCONUT MILK	175
BATIDA DE MARACUJA E COCO	POT STILL AGED CACHAÇA		CACHAÇA	175
BATIDA DE MARACUJA E COCO			SWEETENED CONDENSED MILK	175
WRAY & TING			RUM (WRAY & NEPHEW WHITE OVERPROOF)	176
WRAY & TING			SODA (GRAPEFRUIT (TING))	176
HIBISCUS RUM PUNCH	SELTZER		SODA	176
HIBISCUS RUM PUNCH			JUICE (LIME)	176
HIBISCUS RUM PUNCH			LIQUEUR (HIBISCUS)	176
HIBISCUS RUM PUNCH			SYRUP (DEMERARA)	176
HIBISCUS RUM PUNCH	BLENDED AGED RUM (JAMAICA)	3	RUM (BLENDED AGED)	176
TI' PUNCH / TI' PUNCH VIEUX			SYRUP (MARTINIQUE SUGARCANE)	179
TI' PUNCH / TI' PUNCH VIEUX	CANE AOC MARTINIQUE RHUM AGRICOLE BLANC	7	RUM (CANE AOC MARTINIQUE RHUM AGRICOLE)	179
TI' PUNCH / TI' PUNCH VIEUX		OR 8	RUM (CANE AOC MARTINIQUE RHUM AGRICOLE VIEUX)	179
TI' PUNCH / TI' PUNCH VIEUX	LIME SMALL ROUNDED CHUNK		FRUIT (LIME)	179
BARBADOS RUM PUNCH			JUICE (LIME)	179
BARBADOS RUM PUNCH			SYRUP (DEMERARA)	179
BARBADOS RUM PUNCH	BLENDED AGED RUM (BARBADOS)	3	RUM (BLENDED AGED)	179
BARBADOS RUM PUNCH	ANGOSTURA BITTERS		BITTERS (AROMATIC)	179
JAMAICAN MILK PUNCH			MILK (WHOLE)	180
JAMAICAN MILK PUNCH			CREAM (HEAVY WHIPPING)	180
JAMAICAN MILK PUNCH			SYRUP (DEMERARA)	180
JAMAICAN MILK PUNCH	BLACK BLENDED RUM (JAMAICA)	5	RUM (BLACK BLENDED)	180
JAMAICAN MILK PUNCH			EXTRACT (VANILLA)	180
JAMAICAN MILK PUNCH	ANGOSTURA BITTERS		BITTERS (AROMATIC)	180
CORN AND OIL	JOHN D. TAYLOR'S VELVET FALERNUM		LIQUEUR (FALERNUM)	180
CORN AND OIL	BLENDED AGED RUM (BARBADOS)	3	RUM (BLENDED AGED)	180
CORN AND OIL	ANGOSTURA BITTERS		BITTERS (AROMATIC)	180
QUEEN'S PARK SWIZZLE			LEAVES (MINT)	181
QUEEN'S PARK SWIZZLE			JUICE (LIME)	181
QUEEN'S PARK SWIZZLE			SYRUP (DEMERARA)	181
QUEEN'S PARK SWIZZLE		5	RUM (BLACK BLENDED)	181
QUEEN'S PARK SWIZZLE	ANGOSTURA BITTERS		BITTERS (AROMATIC)	181
HOUSE SPICED RUM		3	RUM (BLENDED AGED)	193
HOUSE SPICED RUM			SPICE (VANILLA BEAN)	193
HOUSE SPICED RUM	STRIP ORANGE PEEL		FRUIT (ORANGE)	193
HOUSE SPICED RUM	ALLSPICE BERRIES		SPICE (ALLSPICE)	193
HOUSE SPICED RUM	CINNAMON STICK		SPICE (CINNAMON)	193
HOUSE SPICED RUM	WHOLE CLOVES		SPICE (CLOVES)	193
HOUSE SPICED RUM	GRATED NUTMEG		SPICE (NUTMEG)	193
HOUSE SPICED RUM	WHOLE BLACK PEPERCORNS		SPICE (BLACK PEPERCORNS)	193
HOUSE SPICED RUM			SPICE (GINGER)	193
HOUSE SPICED RUM			SYRUP (DEMERARA)	193
THE CHADBURN			PORT (TAWNY)	201
THE CHADBURN	PEAR LIQUEUR (SUCH AS MATHILDE POIRE)		LIQUEUR (PEAR)	201
THE CHADBURN		3	RUM (BLENDED AGED)	201
THE CHADBURN	BITTERMENS XOCOLATL (CHOCOLATE) MOLE BITTERS		BITTERS (CHOCOLATE)	201
A WISH FOR GRACE			JUICE (LEMON)	201
A WISH FOR GRACE	2:1 SIMPLE SYRUP		SYRUP (RICH SIMPLE)	201
A WISH FOR GRACE	PIERRE FERRAND DRY CURACAO		LIQUEUR (ORANGE)	201
A WISH FOR GRACE		1	POT STILL LIGHTLY AGED RUM (NEW ENGLAND)	201
A WISH FOR GRACE	BLANDY'S 5 YEAR VERDELHO MADEIRA		MADEIRA	201
A WISH FOR GRACE	ANGOSTURA BITTERS		BITTERS (AROMATIC)	201
HOT BUTTERED RUM			HOT BUTTERED RUM BATTER	202
HOT BUTTERED RUM		3	RUM (BLENDED AGED)	202
HOT BUTTERED RUM			WATER HOT	202
HOT BUTTERED RUM BATTER	GROUND CINNAMON		SPICE (CINNAMON)	202
HOT BUTTERED RUM BATTER	GROUND NUTMEG		SPICE (NUTMEG)	202
HOT BUTTERED RUM BATTER	GROUND BLACK PEPPER		SPICE (BLACK PEPPER)	202
HOT BUTTERED RUM BATTER	GROUND CLOVES		SPICE (CLOVES)	202
HOT BUTTERED RUM BATTER	GROUND ALLSPICE		SPICE (ALLSPICE)	202
HOT BUTTERED RUM BATTER	GROUND ANISE SEED		SPICE (ANISE SEED)	202
HOT BUTTERED RUM BATTER			SALTED BUTTER	202
HOT BUTTERED RUM BATTER			PACKED GOLDEN BROWN SUGAR	202
HOT BUTTERED RUM BATTER	BRER RABBIT MIL MOLASSES		MOLASSES	202
HOT BUTTERED RUM BATTER			EXTRACT (VANILLA)	202
ABRICOT VIEUX	APRICOT LIQUEUR (SUCH AS ROTHMAN & WINTER APRICOT LIQUEUR OR GIFFARD ABRICOT DU ROUSSILLON)		LIQUEUR (APRICOT)	203
ABRICOT VIEUX		8	RUM (CANE AOC MARTINIQUE RHUM AGRICOLE VIEUX)	203
ABRICOT VIEUX	ANGOSTURA BITTERS		BITTERS (AROMATIC)	203
ABRICOT VIEUX			BITTERS (ORANGE)	203
PANIOLO OLD-FASHIONED			SYRUP (LI HING MUI)	203
PANIOLO OLD-FASHIONED		3	RUM (BLENDED AGED)	203
PANIOLO OLD-FASHIONED	ANGOSTURA BITTERS		BITTERS (AROMATIC)	203
PORT ROYAL			JUICE (LIME)	204
PORT ROYAL			SYRUP (JERK)	204
PORT ROYAL		2	RUM (BLENDED LIGHTLY AGED)	204
PORT ROYAL			RUM (WRAY & NEPHEW WHITE OVERPROOF)	204
PORT ROYAL			HELLFIRE TINCTURE	204
KINGSTON PALAKA			JUICE (LEMON)	204
KINGSTON PALAKA			LI HING MUI POWDER	204
KINGSTON PALAKA			LIQUEUR (DRAMBUIE)	204
KINGSTON PALAKA	BLENDED AGED RUM (JAMAICA)	3	RUM (BLENDED AGED)	204
DONN DAY AFTERNOON			JUICE (LIME)	206
DONN DAY AFTERNOON			SYRUP (CINNAMON)	206
DONN DAY AFTERNOON	STIEGL-RADLER GRAPEFRUIT BEER		BEER (GRAPEFRUIT)	206
DONN DAY AFTERNOON	CANE AOC MARTINIQUE RHUM AGRICOLE BLANC	7	RUM (CANE AOC MARTINIQUE RHUM AGRICOLE)	206
BAIE DU GALION			LIQUEUR (CHARTREUSE GREEN)	206
BAIE DU GALION			LIQUEUR (DRAMBUIE)	206
BAIE DU GALION	CANE AOC MARTINIQUE RHUM AGRICOLE BLANC	7	RUM (CANE AOC MARTINIQUE RHUM AGRICOLE)	206
AGRICOLE GUAVA COOLER	BUNDABERG GUAVA SODA		SODA (GUAVA)	209
AGRICOLE GUAVA COOLER			JUICE (LIME)	209
AGRICOLE GUAVA COOLER	LICOR 43 SPICED LIQUEUR		LIQUEUR (LICOR 43)	209
AGRICOLE GUAVA COOLER	CANE AOC MARTINIQUE RHUM AGRICOLE BLANC	7	RUM (CANE AOC MARTINIQUE RHUM AGRICOLE)	209
AGRICOLE GUAVA COOLER	ANGOSTURA BITTERS		BITTERS (AROMATIC)	209
RICHARD SEALEBACH	PIERRE FERRAND DRY CURACAO		LIQUEUR (ORANGE)	209
RICHARD SEALEBACH			RUM (R.L. SEALE 10 YEAR)	209
RICHARD SEALEBACH	ANGOSTURA BITTERS		BITTERS (AROMATIC)	209
RICHARD SEALEBACH	PEYCHAUD'S		BITTERS (CREOLE)	209
RICHARD SEALEBACH			WINE (SPARKLING) (CHAMPAGNE)	209
COSA NOSTRA #2			JUICE (LEMON)	210
COSA NOSTRA #2			AMARO (AVERNA)	210
COSA NOSTRA #2		2	RUM (BLENDED LIGHTLY AGED)	210
COSA NOSTRA #2	ANGOSTURA BITTERS		BITTERS (AROMATIC)	210
COSA NOSTRA #2	GINGER ALE		SODA (GINGER)	210
SPONTANEOUS RUMBUSTION			JUICE (LEMON)	210
SPONTANEOUS RUMBUSTION			SYRUP (HONEY)	210
SPONTANEOUS RUMBUSTION		6	RUM (BLACK BLENDED OVERPROOF)	210
SPONTANEOUS RUMBUSTION		1	POT STILL LIGHTLY AGED RUM (OVERPROOF)	210
SPONTANEOUS RUMBUSTION			WATER BOILING	210
BOO LOO	(1-INCH-SQUARE) CHUNKS PINEAPPLE		FRUIT (PINEAPPLE)	249
BOO LOO			JUICE (PINEAPPLE)	249
BOO LOO			JUICE (LIME)	249
BOO LOO			SYRUP (HONEY)	249
BOO LOO		3	RUM (BLENDED AGED)	249
BOO LOO		4	RUM (COLUMN STILL AGED)	249
BOO LOO		5	RUM (BLACK BLENDED)	249
BOO LOO		6	RUM (BLACK BLENDED OVERPROOF)	249
BOO LOO	SELTZER		SODA	249
CARIBEÑO			COCONUT WATER	249
CARIBEÑO			SYRUP (DEMERARA)	249
CARIBEÑO			RUM (COLUMN STILL LIGHTLY AGED)	249
CARIBEÑO		OR	GIN (LONDON DRY)	249
MONK'S RESPITE			COCONUT WATER	251
MONK'S RESPITE			JUICE (LEMON)	251
MONK'S RESPITE			SYRUP (HONEY)	251
MONK'S RESPITE			LIQUEUR (YELLOW CHARTREUSE)	251
MONK'S RESPITE			GIN (BROKER'S)	251
MONK'S RESPITE	SELTZER		SODA	251
MONK'S RESPITE			BITTERS (ORANGE)	251
THE MASTADON			JUICE (PINEAPPLE)	251
THE MASTADON			JUICE (LIME)	251
THE MASTADON			PUREE (PASSION FRUIT)	251
THE MASTADON			LIQUEUR (LICOR 43)	251
THE MASTADON			LIQUEUR (MARASCHINO)	251
THE MASTADON		3	RUM (BLENDED AGED)	251
THE MASTADON			WHISKEY (BOURBON)	251
THE MASTADON	PEYCHAUD'S BITTERS		BITTERS (CREOLE)	251
PIÑATA			JUICE (PINEAPPLE)	252
PIÑATA			JUICE (LEMON)	252
PIÑATA			SYRUP (DEMERARA)	252
PIÑATA			LIQUEUR (GINGER)	252
PIÑATA	ST. ELIZABETH ALLSPICE DRAM		LIQUEUR (ALLSPICE DRAM)	252
PIÑATA		5	RUM (BLACK BLENDED)	252
PIÑATA		2	RUM (BLENDED LIGHTLY AGED)	252
BUMBOAT			JUICE (PINEAPPLE)	252
BUMBOAT			JUICE (LEMON)	252
BUMBOAT			SYRUP (CINNAMON)	252
BUMBOAT			WHISKEY (RYE)	252
BUMBOAT		2	RUM (BLENDED LIGHTLY AGED)	252
BUMBOAT			EXTRACT (ALMOND)	252
BUMBOAT	BITTERMENS 'ELEMAKULE TIKI BITTERS		BITTERS (TIKI)	252
BUMBOAT		6	RUM (BLACK BLENDED OVERPROOF)	252
PLANTER'S PUNCH			JUICE (LIME)	258
PLANTER'S PUNCH			SYRUP (DEMERARA)	258
PLANTER'S PUNCH	ST. ELIZABETH ALLSPICE DRAM		LIQUEUR (ALLSPICE DRAM)	258
PLANTER'S PUNCH	BLENDED AGED RUM (JAMAICA)	3	RUM (BLENDED AGED)	258
PLANTER'S PUNCH	ANGOSTURA BITTERS		BITTERS (AROMATIC)	258
MAI TAI			JUICE (LIME)	261
MAI TAI			SYRUP (MAI TAI RICH SIMPLE)	261
MAI TAI	ORGEAT		SYRUP (ALMOND)	261
MAI TAI	PIERRE FERRAND DRY CURACAO		LIQUEUR (ORANGE)	261
MAI TAI		3	RUM (BLENDED AGED)	261
DOCTOR FUNK			JUICE (LEMON)	266
DOCTOR FUNK			SYRUP (GRENADINE)	266
DOCTOR FUNK			JUICE (LIME)	266
DOCTOR FUNK	DEMERARA SIMPLE SYRUP		SYRUP (DEMERARA)	266
DOCTOR FUNK			ABSINTHE (HERBSAINT)	266
DOCTOR FUNK			RUM (BLACK POT STILL UNAGED)	266
DOCTOR FUNK	SELTZER		SODA	266
ZOMBIE			JUICE (LIME)	268
ZOMBIE			JUICE (GRAPEFRUIT)	268
ZOMBIE			SYRUP (CINNAMON)	268
ZOMBIE			SYRUP (GRENADINE)	268
ZOMBIE	JOHN D. TAYLOR'S VELVET FALERNUM		LIQUEUR (FALERNUM)	268
ZOMBIE		3	RUM (BLENDED AGED)	268
ZOMBIE		4	RUM (COLUMN STILL AGED)	268
ZOMBIE		6	RUM (BLACK BLENDED OVERPROOF)	268
ZOMBIE			BITTERS (HERBSTURA)	268
NAVY GROG			JUICE (LIME)	271
NAVY GROG			JUICE (GRAPEFRUIT)	271
NAVY GROG			SYRUP (DEMERARA)	271
NAVY GROG	ST. ELIZABETH ALLSPICE DRAM		LIQUEUR (ALLSPICE DRAM)	271
NAVY GROG		1	POT STILL LIGHTLY AGED RUM (OVERPROOF)	271
NAVY GROG		2	RUM (BLENDED LIGHTLY AGED)	271
NAVY GROG		4	RUM (COLUMN STILL AGED)	271
SCORPION			JUICE (LIME)	272
SCORPION			JUICE (ORANGE)	272
SCORPION			SYRUP (DEMERARA)	272
SCORPION	ORGEAT		SYRUP (ALMOND)	272
SCORPION			BRANDY (GRAPE)	272
SCORPION			GIN (LONDON DRY)	272
SCORPION		2	RUM (BLENDED LIGHTLY AGED)	272
FOG CUTTER			JUICE (LEMON)	275
FOG CUTTER			JUICE (ORANGE)	275
FOG CUTTER	ORGEAT		SYRUP (ALMOND)	275
FOG CUTTER			BRANDY (PISCO)	275
FOG CUTTER			GIN	275
FOG CUTTER		2	RUM (BLENDED LIGHTLY AGED)	275
FOG CUTTER			SHERRY (OLOROSO)	275
SINGAPORE SLING	SELTZER		SODA	276
SINGAPORE SLING			JUICE (LEMON)	276
SINGAPORE SLING			SYRUP (DEMERARA)	276
SINGAPORE SLING			LIQUEUR (CHERRY HEERING)	276
SINGAPORE SLING			LIQUEUR (BENEDICTINE)	276
SINGAPORE SLING			GIN (LONDON DRY)	276
SINGAPORE SLING	ANGOSTURA BITTERS		BITTERS (AROMATIC)	276
SINGAPORE SLING			BITTERS (ORANGE)	276
HONDO HATTIE'S JUNGLE PUNCH!			JUICE (LEMON)	311
HONDO HATTIE'S JUNGLE PUNCH!			SYRUP (HONEY)	311
HONDO HATTIE'S JUNGLE PUNCH!	BLUE CURACAO		LIQUEUR (ORANGE BLUE)	311
HONDO HATTIE'S JUNGLE PUNCH!			PORT (TAWNY)	311
HONDO HATTIE'S JUNGLE PUNCH!	JOHN D. TAYLOR'S VELVET FALERNUM		LIQUEUR (FALERNUM)	311
HONDO HATTIE'S JUNGLE PUNCH!	PEAR LIQUEUR (SUCH AS MATHILDE POIRE)		LIQUEUR (PEAR)	311
HONDO HATTIE'S JUNGLE PUNCH!		3	RUM (BLENDED AGED)	311
HONDO HATTIE'S JUNGLE PUNCH!	ANGOSTURA BITTERS		BITTERS (AROMATIC)	311
KAHIKO PUNCH			JUICE (LEMON)	311
KAHIKO PUNCH			SYRUP (PASSION FRUIT HONEY)	311
KAHIKO PUNCH			SYRUP (CINNAMON)	311
KAHIKO PUNCH			LIQUEUR (HIBISCUS)	311
KAHIKO PUNCH			RUM (POT STILL UNAGED)	311
KAHIKO PUNCH	BITTERMENS 'ELEMAKULE TIKI BITTERS		BITTERS (TIKI)	311
TRIUMVIRATE PUNCH			JUICE (LIME)	312
TRIUMVIRATE PUNCH			SYRUP (PASSION FRUIT HONEY)	312
TRIUMVIRATE PUNCH	ST. ELIZABETH ALLSPICE DRAM		LIQUEUR (ALLSPICE DRAM)	312
TRIUMVIRATE PUNCH			RUM (POT STILL UNAGED)	312
TRIUMVIRATE PUNCH	ANGOSTURA BITTERS		BITTERS (AROMATIC)	312
TRIUMVIRATE PUNCH	GRATED NUTMEG		SPICE (NUTMEG)	312
EUREKA PUNCH			JUICE (LEMON)	312
EUREKA PUNCH			SYRUP (HONEY)	312
EUREKA PUNCH			LIQUEUR (YELLOW CHARTREUSE)	312
EUREKA PUNCH		4	RUM (COLUMN STILL AGED)	312
EUREKA PUNCH	ANGOSTURA BITTERS		BITTERS (AROMATIC)	312
EUREKA PUNCH	GINGER ALE		SODA (GINGER)	312
YULETIDAL WAVE			JUICE (PINEAPPLE)	313
YULETIDAL WAVE			JUICE (LEMON)	313
YULETIDAL WAVE	PEAR LIQUEUR (SUCH AS MATHILDE POIRE)		LIQUEUR (PEAR)	313
YULETIDAL WAVE			LIQUEUR (LICOR 43)	313
YULETIDAL WAVE	ST. ELIZABETH ALLSPICE DRAM		LIQUEUR (ALLSPICE DRAM)	313
YULETIDAL WAVE			BRANDY (GRAPE)	313
YULETIDAL WAVE			WHISKEY (BOURBON)	313
YULETIDAL WAVE		4	RUM (COLUMN STILL AGED)	313
RUMBUSTION PUNCH			JUICE (LIME)	313
RUMBUSTION PUNCH			SYRUP (DEMERARA)	313
RUMBUSTION PUNCH			SYRUP (CINNAMON)	313
RUMBUSTION PUNCH		3	RUM (BLENDED AGED)	313
RUMBUSTION PUNCH		2	RUM (BLENDED LIGHTLY AGED)	313
RUMBUSTION PUNCH			BITTERS (HERBSTURA)	313
PUKA PUNCH			JUICE (LIME)	318
PUKA PUNCH			JUICE (ORANGE)	318
PUKA PUNCH			JUICE (PINEAPPLE)	318
PUKA PUNCH			SYRUP (HONEY)	318
PUKA PUNCH			SYRUP (PASSION FRUIT)	318
PUKA PUNCH	JOHN D. TAYLOR'S VELVET FALERNUM		LIQUEUR (FALERNUM)	318
PUKA PUNCH		3	RUM (BLENDED AGED)	318
PUKA PUNCH		2	RUM (BLENDED LIGHTLY AGED)	318
PUKA PUNCH		5	RUM (BLACK BLENDED)	318
PUKA PUNCH	ANGOSTURA BITTERS		BITTERS (AROMATIC)	318
PUKA PUNCH		6	RUM (BLACK BLENDED OVERPROOF)	318