ingredient	name	notes
Absinthe	Absinthe Drip	Vieux Pontarlier
Absinthe	Black Thorn (Irish)	rinse, St. George
Absinthe	Chrysanthemum	Vieux Pontarlier
Absinthe	Corpse Reviver No.2	rinse, Vieux Pontarlier
Absinthe	De la Louisiane	St. George
Absinthe	El Burro	Vieux Pontarlier
Absinthe	Golden Star Fizz	rinse, St. George
Absinthe	Green Deacon	rinse, St. George
Absinthe	Improved Whiskey Cocktail	rinse, Vieux Pontarlier
Absinthe	Judgment Day	rinse, Pernod
Absinthe	Monkey Gland	rinse, Vieux Pontarlier
Absinthe	Paddington	rinse, St. George
Absinthe	Primavera	rinse, St. George
Absinthe	Rapscallion	rinse, St. George
Absinthe	Rattlesnake	rinse, Vieux Pontarlier
Absinthe	Sazerac	rinse, Vieux Pontarlier
Absinthe	Shiso Malt Sour	Vieux Pontarlier
Absinthe	Staggerac	rinse, Edouard
Absinthe	Swiss Mist	spritz, Kubler
Absinthe	Swollen Gland	rinse, Vieux Pontarlier
Absinthe	Tuxedo	rinse, Vieux Pontarlier
Absinthe	Zombie Punch	Vieux Pontarlier
Allspice Dram	El Molino	St. Elizabeth
Allspice Dram	Girl From Jerez	St. Elizabeth
Allspice Dram	Judgment Day	St. Elizabeth
Allspice Dram	Remember Maine	St. Elizabeth
Amaro Ciociaro	Bizet	
Amaro Ciociaro	Donizetti	
Amaro Ciociaro	Lacrimosa	
Amaro Ciociaro	Triborough	
Amer Picon	Brooklyn	Jamie Boudreau's replica
Aperol	212	
Aperol	Aperol Spritz	
Aperol	Archangel	
Aperol	Cuzco	
Aperol	Dewey D.	
Aperol	Eclipse Cocktail	
Aperol	Foreign Legion	
Aperol	May Day	
Aperol	Melon Stand	
Aperol	South Slope	
Apricot Liqueur	Against All Odds	Rothman & Winter
Apricot Liqueur	Apricot Flip	Rothman & Winter
Apricot Liqueur	Beachbum	Rothman & Winter
Apricot Liqueur	Bubbaloo	Rothman & Winter
Apricot Liqueur	Donizetti	Rothman & Winter
Apricot Liqueur	Hotel Nacional Special	Rothman & Winter
Apricot Liqueur	Leapfrog	Rothman & Winter
Apricot Liqueur	White Birch Fizz	Rothman & Winter
Averna Amaro	Gilchrist	
Aquavit	Blackbeard	Krogstad
Aquavit	Golden Star Fizz	Krogstad
Aquavit	Occidental	Linie
Aquavit	Primavera	Krogstad
Aquavit	Silk Road	black seasame-infused, Krogstad
Aquavit	Trident	Krogstad
Bärenjäger Honey Liqueur	#8	
Bärenjäger Honey Liqueur	Bee's Sip	
Bärenjäger Honey Liqueur	King Bee	
Batavia Arrack	Henry Hudson	van Oosten
Batavia Arrack	Rack & Rye	van Oosten
Beer, Pilsner	Beer and Smoke	Victory
Beer, Pumpkin	Great Pumpkin	Southampton
Beer, Stout	Black Flip	Brooklyn Black Chocolate
Beer, Raspberry	Frambroise Fizz	Oud Beersel Frambroise
Beer, White	Newfangled	Southampton
Bénédictine	Bobby Burns	
Bénédictine	Caprice	
Bénédictine	Chrysanthemum	
Bénédictine	Condiment Cocktail	
Bénédictine	De la Louisiane	
Bénédictine	Frisco	
Bénédictine	Harvest Sling	
Bénédictine	Honeymoon Cocktail	
Bénédictine	Hotel d'Alsace	
Bénédictine	Junior	
Bénédictine	King Bee	
Bénédictine	L.E.S. Globetrotter	
Bénédictine	Montgomery Smith	
Bénédictine	Nouveau Carré	
Bénédictine	Singapore Sling	
Bénédictine	T&T	
Bénédictine	Vieux Carré	
Bénédictine	Widow's Kiss	
Bénédictine	Woolworth	
Bitters, Abbott's	Harvest Moon	
Bitters, Angostura	Benton's Old-Fashioned	
Bitters, Angostura	Betsy Ross	
Bitters, Angostura	Black Thorn (Irish)	
Bitters, Angostura	Chamagne Cocktail	
Bitters, Angostura	Champs Élysées	
Bitters, Angostura	Chien Chaud	
Bitters, Angostura	Dewey D.	
Bitters, Angostura	Figetaboutit	
Bitters, Angostura	Greenpoint	
Bitters, Angostura	Improved Whiskey Cocktail	
Bitters, Angostura	Japanese Cocktail	
Bitters, Angostura	Jimmie Roosevelt	
Bitters, Angostura	Junior	
Bitters, Angostura	Little Bit Country	
Bitters, Angostura	Luau	
Bitters, Angostura	Manhattan	
Bitters, Angostura	Newfangled	
Bitters, Angostura	Nouveau Sangaree	
Bitters, Angostura	Old-Fashioned Whiskey Cocktail	
Bitters, Angostura	Pisco Sour	
Bitters, Angostura	Prince of Wales	
Bitters, Angostura	Pumpkin Toddy	
Bitters, Angostura	Professor	
Bitters, Angostura	Queens Park Swizzle	
Bitters, Angostura	Rack & Rye	
Bitters, Angostura	Remember Maine	
Bitters, Angostura	Reverend Palmer	
Bitters, Angostura	Rhum Club	
Bitters, Angostura	Rob Roy	
Bitters, Angostura	Rosita	
Bitters, Angostura	Rust Belt	
Bitters, Angostura	Sazerac	
Bitters, Angostura	Seelbach Cocktail	
Bitters, Angostura	Silk Road	
Bitters, Angostura	Singapore Sling	
Bitters, Angostura	Smoky Grove	
Bitters, Angostura	Staggerac	
Bitters, Angostura	Triborough	
Bitters, Angostura	T&T	
Bitters, Angostura	Up to Date	
Bitters, Angostura	Vieux Carré	
Bitters, Angostura	Widow's Kiss	
Bitters, Angostura	Zombie Punch	
Bitters, Boker's	Martinez	Dr. Adam Elmegirab's
Bitters, Celery	Beer and Smoke	Bitter Truth
Bitters, Celery	Condiment Cocktail	Bitter Truth
Bitters, Celery	Ephemeral	Bitter Truth
Bitters, Barrel-Aged	Nigori Milk Punch	Feldman's
Bitters, Jerry Thomas	Johnny Apple Collins	Bitter Truth
Bitters, Lemon	Dry County Cocktail	Bitter Truth
Bitters, Lemon	Kina Miele	Bitter Truth
Bitters, Lemon	Tao of Pooh	Bitter Truth
Bitters, Lemon	Vaccari	Bitter Truth
Bitters, Old Fashion	100 Year Punch	Fee Brothers
Bitters, Orange	Albert Mathieu	Housemade (50/50 Fee Brothers/Regan's No. 6)
Bitters, Orange	Astoria Bianca	Housemade (50/50 Fee Brothers/Regan's No. 6)
Bitters, Orange	Bijou	Housemade (50/50 Fee Brothers/Regan's No. 6)
Bitters, Orange	Blackthorn (English)	Housemade (50/50 Fee Brothers/Regan's No. 6)
Bitters, Orange	Caprice	Housemade (50/50 Fee Brothers/Regan's No. 6)
Bitters, Orange	Cavalier	Housemade (50/50 Fee Brothers/Regan's No. 6)
Bitters, Orange	Chrysanthemum	Housemade (50/50 Fee Brothers/Regan's No. 6)
Bitters, Orange	Conquistador	Housemade (50/50 Fee Brothers/Regan's No. 6)
Bitters, Orange	East India Company	Housemade (50/50 Fee Brothers/Regan's No. 6)
Bitters, Orange	Leapfrog	Housemade (50/50 Fee Brothers/Regan's No. 6)
Bitters, Orange	Little Bit Country	Housemade (50/50 Fee Brothers/Regan's No. 6)
Bitters, Orange	Norman Inversion	Housemade (50/50 Fee Brothers/Regan's No. 6)
Bitters, Orange	Opera Cocktail	Housemade (50/50 Fee Brothers/Regan's No. 6)
Bitters, Orange	Paddy Wallbanger	Housemade (50/50 Fee Brothers/Regan's No. 6)
Bitters, Orange	Prince Edward	Housemade (50/50 Fee Brothers/Regan's No. 6)
Bitters, Orange	Professor	Housemade (50/50 Fee Brothers/Regan's No. 6)
Bitters, Orange	Rack & Rye	Housemade (50/50 Fee Brothers/Regan's No. 6)
Bitters, Orange	Rhum Club	Housemade (50/50 Fee Brothers/Regan's No. 6)
Bitters, Orange	Rye Witch	Housemade (50/50 Fee Brothers/Regan's No. 6)
Bitters, Orange	Shaddock Rose	Housemade (50/50 Fee Brothers/Regan's No. 6)
Bitters, Orange	Smoky Grove	Housemade (50/50 Fee Brothers/Regan's No. 6)
Bitters, Orange	Statesman	Housemade (50/50 Fee Brothers/Regan's No. 6)
Bitters, Orange	Tuxedo	Housemade (50/50 Fee Brothers/Regan's No. 6)
Bitters, Orange	Weeski	Housemade (50/50 Fee Brothers/Regan's No. 6)
Bitters, Orange	Woolworth	Housemade (50/50 Fee Brothers/Regan's No. 6)
Bitters, Grapefruit	Gilchrist	Fee Brothers
Bitters, Grapefruit	Vaccari	Bitter Truth
Bitters, Peach	Trident	Fee Brothers
Bitters, Peruvian Amargo	Bubbaloo	
Bitters, Peychaud's	De la Louisiane	
Bitters, Peychaud's	Deshler	
Bitters, Peychaud's	Falling Leaves	
Bitters, Peychaud's	Masataka Swizzle	
Bitters, Peychaud's	New Amsterdam	
Bitters, Peychaud's	Nouveau Carré	
Bitters, Peychaud's	Queens Park Swizzle	
Bitters, Peychaud's	Red-Headed Saint	
Bitters, Peychaud's	Sazerac	
Bitters, Peychaud's	Seelbach Cocktail	
Bitters, Peychaud's	Shaddock Rose	
Bitters, Peychaud's	Silk Road	
Bitters, Peychaud's	Staggerac	
Bitters, Peychaud's	Swollen Gland	
Bitters, Peychaud's	Vieux Carré	
Bitters, Rhubarb	Foreign Legion	Fee Brothers
Bitters, Rhubarb	May Day	Fee Brothers
Bitters, Verbena	Red-Headed Saint	A.B. Smeby
Bitters, Whiskey Barrel Aged	Nth Degree	Fee Brothers
Bitters, Whiskey Barrel Aged	Red Devil	Fee Brothers
Bitters, Whiskey Barrel Aged	Wrong Aisle	Fee Brothers
Bitters, Xocolatl Mole	Left Hand Cocktail	Bittermens
Bitters, Xocolatl Mole	Plátanos en Mole Old Fashioned	Bittermens
Brandy, Apple	Applejack Rabbit	Laird's Bonded
Brandy, Apple	Diamondback	Laird's Bonded
Brandy, Apple	Great Pumpkin	Laird's Bonded
Brandy, Apple	Harvest Moon	Laird's Bonded
Brandy, Apple	Harvest Sling	Laird's Bonded
Brandy, Apple	Honeymoon Cocktail	Laird's Bonded
Brandy, Apple	Jack Rose	Laird's Bonded
Brandy, Apple	Master Cleanse	Laird's Bonded
Brandy, Apple	Newark	Laird's Bonded
Brandy, Apple	Nouveau Sangaree	Laird's Bonded
Brandy, Apple	Nth Degree	Laird's Bonded
Brandy, Apple	Persephone	Laird's Applejack
Brandy, Apple	Pink Lady	Laird's Applejack
Brandy, Apple	Pumpkin Toddy	Laird's Bonded
Brandy, Apple	Solstice	Laird's Bonded
Brandy, Apple	Widow's Kiss	Laird's Bonded
Brandy, Apple	Wrong Aisle	Laird's Bonded
Brandy, Cognac	#3 Cup	Hine VSOP
Brandy, Cognac	Apricot Flip	Hine VSOP
Brandy, Cognac	Betsy Ross	Pierre Ferrand Ambre
Brandy, Cognac	Black Jack	Pierre Ferrand Ambre
Brandy, Cognac	Brandy Crusta	Hine VSOP
Brandy, Cognac	Buona Notte	walnut-infused, Hine VSOP
Brandy, Cognac	Cavalier	Hine VSOP
Brandy, Cognac	Champs Élysées	Hine VSOP
Brandy, Cognac	Coffee Cocktail	Martell VSOP
Brandy, Cognac	East India Cocktail	Martell VSOP
Brandy, Cognac	Field Cocktail	Pierre Ferrand Ambre
Brandy, Cognac	Fish House Punch	Pierre Ferrand Ambre
Brandy, Cognac	Fog Cutter	Hine VSOP
Brandy, Cognac	French Maid	Hine VSOP
Brandy, Cognac	Imperial Blueberry Fizz	Hine VSOP
Brandy, Cognac	Japanese Cocktail	Hine VSOP
Brandy, Cognac	Jimmie Roosevelt	Rémy Martin VSOP
Brandy, Cognac	L.E.S. Globetrotter	Hine VSOP
Brandy, Cognac	May Daisy	Hine VSOP
Brandy, Cognac	Midnight Express	walnut-infused, Hine VSOP
Brandy, Cognac	Milk Punch	Pierre Ferrand Ambre
Brandy, Cognac	Montgomery Smith	Hine VSOP
Brandy, Cognac	Nigori Milk Punch	Hine VSOP
Brandy, Cognac	Prince of Wales	Hine VSOP
Brandy, Cognac	Sidecar	Rémy Martin VSOP
Brandy, Cognac	Velvet Club	Hine VSOP
Brandy, Cognac	Vieux Carré	Hine VSOP
Brandy, Jerez	Mount Vernon	Gran Duque d'Alba
Brandy, Pear	Falling Leaves	Clear Creek
Brandy, Pear	Gilchrist	Clear Creek
Brandy, Pear	Kina Miele	Clear Creek
Brandy, Pear	Perfect Pear	Clear Creek
Brandy, Pisco	Bee's Sip	chamomile-infused, Barsol Quebranta
Brandy, Pisco	Bubbaloo	Macchu
Brandy, Pisco	Cuzco	Barsol Quebranta
Brandy, Pisco	Hot Buttered Pisco	spice-infused, Macchu
Brandy, Pisco	Judgment Day	Macchu
Brandy, Pisco	King Bee	Barsol Quebranta
Brandy, Pisco	Pisco Sour	La Diablada
Brandy, Plum	Flying Dutchman	Clear Creek
Brandy, Plum	Left Coast	Clear Creek
Brandy, Plum	St. Rita	Clear Creek
Brine, Pickled Ramp	Rite of Spring	
Butter, Apple	Witch's Kiss	
Butter, Vanilla	Hot Buttered Pisco	
Cachaça	Brazilian Tea Punch	green tea-infused, Leblon
Cachaça	Caipirinha	Beleza Pura
Cachaça	Girl From Jerez	Mãe de Ouro
Cachaça	Morango Fizz	strawberry-infused, Mãe de Ouro
Cachaça	Pearl Button	Mãe de Ouro
Cachaça	Red-Headed Saint	Beleza Pura
Cachaça	Rio Bravo	Sagatiba
Campari	Americano Highball	
Campari	Left Hand Cocktail	
Campari	Negroni	
Campari	Old Pal	
Campari	Romeo y Julieta	
Campari	Rosita	
Campari	Siesta	
Chartreuse, Green	Albert Mathieu	
Chartreuse, Green	Bijou	
Chartreuse, Green	Champs Élysées	
Chartreuse, Green	Green Harvest	
Chartreuse, Green	Harvest Moon	
Chartreuse, Green	Jimmie Roosevelt	
Chartreuse, Green	Last Word	
Chartreuse, Green	Lawn Dart	
Chartreuse, Green	May Daisy	
Chartreuse, Green	Nth Degree	
Chartreuse, Green	Old Flame	flaming
Chartreuse, Green	Statesman	
Chartreuse, Green	Talbott Leaf	
Chartreuse, Green	Tipperary Cocktail	rinse
Chartreuse, Green	Vauvert Slim	
Chartreuse, Yellow	Chien Chaud	
Chartreuse, Yellow	Cloister	
Chartreuse, Yellow	Diamondback	
Chartreuse, Yellow	East Village Athletic Club Cocktail	
Chartreuse, Yellow	Greenpoint	
Chartreuse, Yellow	Japanese Courage	
Chartreuse, Yellow	Koyo	
Chartreuse, Yellow	La Louche	
Chartreuse, Yellow	Lion's Tooth	
Chartreuse, Yellow	Pearl of Puebla	
Chartreuse, Yellow	Red-Headed Saint	
Chartreuse, Yellow	Resting Point	
Chartreuse, Yellow	Swollen Gland	
Chartreuse, Yellow	Widow's Kiss	
Cherry Heering	#3 Cup	
Cherry Heering	Blood and Sand	
Cherry Heering	Death Bed	
Cherry Heering	Eclipse Cocktail	
Cherry Heering	Harvest Sling	
Cherry Heering	Mount Vernon	
Cherry Heering	Remember the Maine	
Cherry Heering	Singapore Sling	
Cider, Apple	Apple Malt Toddy	
Cider, Apple	Mum's Apple Pie	
Cider, Apple	Norman Inversion	sparkling
Cider, Apple	Remember Maine	
Cocchi Americano	Kina Miele	
Cointreau	Cavalier	
Cointreau	Corpse Reviver No.2	
Cointreau	Deshler	
Cointreau	Hotel d'Alsace	
Cointreau	Margarita	
Cointreau	Primavera	
Cointreau	Royal Bermuda Yachtclub Cocktail	
Cointreau	Seelbach Cocktail	
Cointreau	Sidecar	
Cointreau	Singapore Sling	
Cointreau	Water Lily	
Cointreau	Weeski	
Cointreau	White Lady	
Coffee	Midnight Express	
Cordial, Grapefruit	Shaddock Rose	
Coridal, Lime	Gimlet	
Cream, Heavy	Dulce de Leche	
Cream, Heavy	New York Flip	
Cream, Heavy	Ramos Gin Fizz	
Cream, Heavy	Wellington Fizz	
Crème de Banane	Plátanos en Mole Old Fashioned	Marie Brizard
Crème de Cacao	20th Century	Marie Brizard White
Crème de Cacao	El Molino	Mare Brizard White
Crème de Cacao	Foreign Legion	Marie Brizard Dark
Crème de Cacao	Frambroise Fizz	Marie Brizard White
Crème de Cacao	La Florida Cocktail	Marie Brizard White
Crème de Cacao	Velvet Club	Marie Brizard White
Crème de Cassis	El Diablo	Theuriet
Crème de Mandarine	Opera Cocktail	Mandarin Napoleon
Crème de Violette	Águila Azteca	Rothman & Winter
Crème de Violette	Aviation	Rothman & Winter
Crème de Violette	Flying Dutchman	Creme Yvette
Crème de Violette	Imperial Blueberry Fizz	Creme Yvette
Crème de Violette	Left Coast	Rothman & Winter
Crème de Violette	Water Lily	Rothman & Winter
Curaçao, Orange	#3 Cup	Marie Brizard
Curaçao, Orange	Brandy Crusta	Marie Brizard
Curaçao, Orange	East India Cocktail	Marie Brizard
Curaçao, Orange	Falling Leaves	Marie Brizard
Curaçao, Orange	Honeymoon Cocktail	Marie Brizard
Curaçao, Orange	Mai-Tai	Marie Brizard
Curaçao, Orange	South Slope	Marie Brizard
Cynar	Berlioni	
Cynar	Heirloom	
Cynar	Koyo	
Cynar	Talbott Leaf	
Cynar	Trident	
Drambuie	Lake George	
Drambuie	Prince Edward	
Drambuie	Rusty Nail	
Dubonnet Rouge	Deshler	
Dubonnet Rouge	Duboudreau Cocktail	
Dubonnet Rouge	Foreign Legion	
Dubonnet Rouge	Koyo	
Dubonnet Rouge	Opera Cocktail	
Dubonnet Rouge	Single Malt Sangaree	
Dubonnet Rouge	Solstice	
Eau de Vie	Raspberries Reaching	
Egg, White	Clover Club	
Egg, White	Frankfort Rose	
Egg, White	Morango Fizz	
Egg, White	Old Flame	
Egg, White	Pink Lady	
Egg, White	Pisco Sour	
Egg, White	Ramos Gin Fizz	
Egg, White	Rattlesnake	
Egg, White	Rust Belt	
Egg, White	Shiso Malt Sour	
Egg, White	Silver Lining	
Egg, White	Silver Root Beer Fizz	
Egg, White	Silver Sangaree	
Egg, White	Swiss Mist	
Egg, White	Vauvert Slim	
Egg, White	Wellington Fizz	
Egg, White	White Birch Fizz	
Egg, White	White Lady	
Egg, Whole	Apricot Flip	
Egg, Whole	Black Flip	
Egg, Whole	Coda	
Egg, Whole	Coffee Cocktail	
Egg, Whole	Dulce de Leche	
Egg, Whole	Great Pumpkin	
Egg, Whole	Mae West Royal Diamond Fizz	
Egg, Yolk	New York Flip	
Elderflower Liqueur	Albert Mathieu	St-Germain
Elderflower Liqueur	Duboudreau Cocktail	St-Germain
Elderflower Liqueur	El Puente	St-Germain
Elderflower Liqueur	Ephemeral	St-Germain
Elderflower Liqueur	Judgment Day	St-Germain
Elderflower Liqueur	Kin Kan	St-Germain (rinse)
Elderflower Liqueur	Koyo	St-Germain (rinse)
Elderflower Liqueur	Le Père Bis	St-Germain
Elderflower Liqueur	Lion's Tooth	St-Germain
Elderflower Liqueur	Vieux Mot	St-Germain
Elderflower Liqueur	Wrong Aisle	rinse, St-Germain
Espresso Liqueur	Espresso Bongo	Illy
Essence, Bergamot	Wellington Fizz	Aftel
Essence, Clove	Spice Market	Aftel
Essence, Tobacco	Romeo y Julieta	Aftel
Falernum	Flora Astoria	John D. Taylor's Velvet
Falernum	French Maid	John D. Taylor's Velvet
Falernum	Royal Bermuda Yachtclub Cocktail	John D. Taylor's Velvet
Falernum	Spice Market	John D. Taylor's Velvet
Falernum	Zombie Punch	John D. Taylor's Velvet
Fernet-Branca	Duboudreau Cocktail	
Fernet-Branca	Hanky Panky	
Fernet-Branca	Montgomery Smith	
Fernet-Branca	Newark	
Fernet-Branca	Occidental	rinse
Galliano l'Autentico	Brewer's Breakfast	
Galliano l'Autentico	Nigori Milk Punch	
Galliano l'Autentico	Paddy Wallbanger	
Galliano l'Autentico	Rust Belt	
Galliano l'Autentico	Tao of Pooh	
Galliano l'Autentico	Vaccari	
Genever	Flying Dutchman	Bols
Genever	Henry Hudson	Bols
Genever	Japanese Courage	Bols
Genever	Left Coast	Anchor Genevieve
Genever	New Amsterdam	Bols
Genever	Red Devil	Bols
Gin, London Dry	Astoria Bianca	Tanqueray
Gin, London Dry	Aviation	Beefeater
Gin, London Dry	Berlioni	Tanqueray
Gin, London Dry	Bijou	Tanqueray
Gin, London Dry	Blackbeard	Beefeater
Gin, London Dry	Blackthorn Rose	Hendrick's
Gin, London Dry	Bronx	Beefeater
Gin, London Dry	Caprice	Beefeater
Gin, London Dry	Cloister	Tanqueray
Gin, London Dry	Cranberry Cobbler	Beefeater
Gin, London Dry	Donizetti	Tanqueray
Gin, London Dry	Flora Astoria	Hendrick's
Gin, London Dry	Fog Cutter	Tanqueray
Gin, London Dry	French 75	Tanqueray
Gin, London Dry	Gin & Tonic	Tanqueray
Gin, London Dry	Hanky Panky	Beefeater
Gin, London Dry	Kin Kan	Beefeater
Gin, London Dry	La Louche	Hendrick's
Gin, London Dry	Last Word	Tanqueray
Gin, London Dry	Lawn Dart	Tanqueray
Gin, London Dry	Monkey Gland	Beefeater
Gin, London Dry	Negroni	Beefeater
Gin, London Dry	Noce Royale	Beefeater
Gin, London Dry	Norman Inversion	Aviation
Gin, London Dry	Paul's Club Cocktail	Tanqueray
Gin, London Dry	Ramos Gin Fizz	Beefeater
Gin, London Dry	Rite of Spring	Tanqueray
Gin, London Dry	Shiso Delicious	Aviation
Gin, London Dry	South Slope	Beefeater
Gin, London Dry	Spice Market	Beefeater 24
Gin, London Dry	Statesman	Beefeater 24
Gin, London Dry	Swollen Gland	Berkshire Mountain Distillers' Greylock
Gin, London Dry	White Lady	Beefeater
Gin, Old Tom	Ephemeral	Ransom
Gin, Old Tom	Heirloom	Hayman's
Gin, Old Tom	Martinez	Hayman's
Gin, Old Tom	Tom Collins	Hayman's
Gin, Plymouth	20th Century	
Gin, Plymouth	Albert Mathieu	
Gin, Plymouth	Archangel	
Gin, Plymouth	Bee's Knees	
Gin, Plymouth	Blackthorn (English)	
Gin, Plymouth	Cherry Pop	
Gin, Plymouth	Clover Club	
Gin, Plymouth	Corpse Reviver No.2	
Gin, Plymouth	Desert Rose	rose-infused
Gin, Plymouth	Edgewood	
Gin, Plymouth	Gimlet	
Gin, Plymouth	Green Deacon	
Gin, Plymouth	Leapfrog	
Gin, Plymouth	Martini	
Gin, Plymouth	May Day	
Gin, Plymouth	Melon Stand	
Gin, Plymouth	Old Flame	
Gin, Plymouth	Old Maid	
Gin, Plymouth	Opera Cocktail	
Gin, Plymouth	Pink Lady	
Gin, Plymouth	Singapore Sling	
Gin, Plymouth	Sloe Gin Fizz	
Gin, Plymouth	Southside	
Gin, Plymouth	Swiss Mist	
Gin, Plymouth	Tuxedo	
Gin, Plymouth	Vesper	
Gin, Plymouth	Vieux Mot	
Gin, Plymouth	Water Lily	
Gin, Plymouth	White Birch Fizz	
Gin, Plymouth	White Negroni	
Gin, Sloe	Blackthorn (English)	Plymouth
Gin, Sloe	Blackthorn (Rose)	Plymouth
Gin, Sloe	Green Deacon	Plymouth
Gin, Sloe	Noce Royale	Plymouth
Gin, Sloe	Nouveau Sangaree	Plymouth
Gin, Sloe	Persephone	Plymouth
Gin, Sloe	Sloe Gin Fizz	Plymouth
Ginger Ale	Pimms Cup	
Ginger Beer	#3 Cup	
Ginger Beer	El Burro	
Ginger Beer	El Diablo	
Ginger Beer	French Maid	
Ginger Beer	Harvest Sling	
Ginger Beer	Mezcal Mule	
Ginger Beer	Moscow Mule	
Ginger Beer	Sage Old Buck	
Ginger Liqueur	Águila Azteca	Canton
Ginger Liqueur	Crimson Tide	Canton
Ginger Liqueur	Dry County Cocktail	Canton
Ginger Liqueur	Japanese Courage	Canton
Godiva Original Liqueur	There Will Be Blood	
Gran Classico Bitter	Mexicano	
Grand Marnier	Betsy Ross	
Grand Marnier	East Village Athletic Club Cocktail	
Grand Marnier	Occidental	
Grand Marnier	Prince of Wales	
Grand Marnier	Rhubarbarita	
Grand Marnier	Single Malt Sangaree	
Grand Marnier	Up to Date	
Grenadine	Jack Rose	
Grenadine	La Florida Cocktail	
Grenadine	Mae West Royal Diamond Fizz	
Grenadine	Mary Pickford	
Grenadine	Pharoaoh Cooler	
Grenadine	Pink Lady	
Grenadine	Rhubarbarita	
Grenadine	Singapore Sling	
Grenadine	Solstice	
Grenadine	Ward Eight	
Grenadine	Zombie Punch	
Horchata	Cafe Arroz	
Juice, Blood Orange	There Will Be Blood	
Juice, Grapefruit	212	
Juice, Grapefruit	Blackstar	
Juice, Grapefruit	Blinker	
Juice, Grapefruit	Brown Derby	
Juice, Grapefruit	Cloister	
Juice, Grapefruit	Cuzco	
Juice, Grapefruit	Edgewood	
Juice, Grapefruit	El Puente	
Juice, Grapefruit	Gilchrist	
Juice, Grapefruit	Green Deacon	
Juice, Grapefruit	Hemingway Daiquiri	
Juice, Grapefruit	Mae West Royal Diamond Fizz	
Juice, Grapefruit	Mount Vernon	
Juice, Grapefruit	Navy Grog	
Juice, Grapefruit	Norman Inversion	
Juice, Grapefruit	Paddington	
Juice, Grapefruit	Shiso Delicious	
Juice, Grapefruit	Siesta	
Juice, Grapefruit	Vauvert Slim	
Juice, Honeydew Melon	Águila Azteca	
Juice, Lemon	#3 Cup	
Juice, Lemon	20th Century	
Juice, Lemon	21st Century	
Juice, Lemon	Applejack Rabbit	
Juice, Lemon	Aviation	
Juice, Lemon	Bee's Knees	
Juice, Lemon	Betula	
Juice, Lemon	Blackbeard	
Juice, Lemon	Brandy Crusta	
Juice, Lemon	Cameron's Kick	
Juice, Lemon	Cavalier	
Juice, Lemon	Champs Élysées	
Juice, Lemon	Cherry Pop	
Juice, Lemon	Cloister	
Juice, Lemon	Clover Club	
Juice, Lemon	Conquistador	
Juice, Lemon	Corpse Reviver No.2	
Juice, Lemon	Cuzco	
Juice, Lemon	Desert Rose	
Juice, Lemon	East Village Athletic Club Cocktail	
Juice, Lemon	Eclipse Cocktail	
Juice, Lemon	El Diablo	
Juice, Lemon	Figetaboutit	
Juice, Lemon	Fish House Punch	
Juice, Lemon	Flying Dutchman	
Juice, Lemon	Fog Cutter	
Juice, Lemon	Frambroise Fizz	
Juice, Lemon	Frankfort Rose	
Juice, Lemon	French 75	
Juice, Lemon	Golden Star Fizz	
Juice, Lemon	Gold Rush	
Juice, Lemon	Harvest Sling	
Juice, Lemon	Henry Hudson	
Juice, Lemon	Honeymoon Cocktail	
Juice, Lemon	Jack Rose	
Juice, Lemon	Johnny Apple Collins	
Juice, Lemon	Judgment Day	
Juice, Lemon	King Bee	
Juice, Lemon	Kin Kan	
Juice, Lemon	Lake George	
Juice, Lemon	La Louche	
Juice, Lemon	Leapfrog	
Juice, Lemon	Left Coast	
Juice, Lemon	Little Bit Country	
Juice, Lemon	Mariner	
Juice, Lemon	Masataka Swizzle	
Juice, Lemon	Master Cleanse	
Juice, Lemon	May Daisy	
Juice, Lemon	May Day	
Juice, Lemon	Melon Stand	
Juice, Lemon	Morango Fizz	
Juice, Lemon	Mum's Apple Pie	
Juice, Lemon	Noval Cup	
Juice, Lemon	Old Flame	
Juice, Lemon	Paddington	
Juice, Lemon	Parkside Fizz	
Juice, Lemon	Perfect Pear	
Juice, Lemon	Persephone	
Juice, Lemon	Pimms Cup	
Juice, Lemon	Pink Lady	
Juice, Lemon	Primavera	
Juice, Lemon	Pumpkin Toddy	
Juice, Lemon	Ramos Gin Fizz	
Juice, Lemon	Rattlesnake	
Juice, Lemon	Resting Point	
Juice, Lemon	Rhubarbarita	
Juice, Lemon	Rust Belt	
Juice, Lemon	Sage Old Buck	
Juice, Lemon	Shiso Delicious	
Juice, Lemon	Sidecar	
Juice, Lemon	Silver Lining	
Juice, Lemon	Silver Root Beer Fizz	
Juice, Lemon	Silver Sangaree	
Juice, Lemon	Sloe Gin Fizz	
Juice, Lemon	Southside	
Juice, Lemon	South Slope	
Juice, Lemon	Swiss Mist	
Juice, Lemon	Talbott Leaf	
Juice, Lemon	Tom Collins	
Juice, Lemon	Vieux Mot	
Juice, Lemon	Ward Eight	
Juice, Lemon	Water Lily	
Juice, Lemon	Whiskey Smash	wedges
Juice, Lemon	White Birch Fizz	
Juice, Lemon	White Lady	
Juice, Lemon	Witch's Kiss	
Juice, Lime	Airmail	
Juice, Lime	Apple Daiquiri	
Juice, Lime	Beachbum	
Juice, Lime	Beer and Smoke	
Juice, Lime	Blackstar	
Juice, Lime	Caipirinha	
Juice, Lime	Coconut Colada	
Juice, Lime	Coda	
Juice, Lime	Condiment Cocktail	
Juice, Lime	Conquistador	
Juice, Lime	Crimson Tide	
Juice, Lime	Death Bed	
Juice, Lime	Daiquiri	
Juice, Lime	El Burro	
Juice, Lime	Espresso Bongo	
Juice, Lime	Fish House Punch	
Juice, Lime	French Maid	
Juice, Lime	Fresa Verde	
Juice, Lime	Girl From Jerez	
Juice, Lime	Heirloom	
Juice, Lime	Hemingway Daiquiri	
Juice, Lime	Hotel Nacional Special	
Juice, Lime	Judgment Day	
Juice, Lime	Junior	
Juice, Lime	Kansai Kick	
Juice, Lime	La Florida Cocktail	
Juice, Lime	Last Word	
Juice, Lime	Lawn Dart	
Juice, Lime	Luau	
Juice, Lime	Mai-Tai	
Juice, Lime	Margarita	
Juice, Lime	Mezcal Mule	
Juice, Lime	Mojito	
Juice, Lime	Moscow Mule	
Juice, Lime	Navy Grog	
Juice, Lime	Old Maid	
Juice, Lime	Paloma	
Juice, Lime	Pearl Button	
Juice, Lime	Pearl of Puebla	
Juice, Lime	Pharoaoh Cooler	
Juice, Lime	Pisco Sour	
Juice, Lime	Queens Park Swizzle	
Juice, Lime	Ramos Gin Fizz	
Juice, Lime	Red-Headed Saint	
Juice, Lime	Rhum Club	
Juice, Lime	Rio Bravo	
Juice, Lime	Rust Belt	
Juice, Lime	Royal Bermuda Yachtclub Cocktail	
Juice, Lime	Shiso Malt Sour	
Juice, Lime	Siesta	
Juice, Lime	Singapore Sling	
Juice, Lime	St. Rita	
Juice, Lime	Tommy's Margarita	
Juice, Lime	Vauvert Slim	
Juice, Lime	Wellington Fizz	
Juice, Lime	Zombie Punch	
Juice, Orange	Aperol Spritz	
Juice, Orange	Applejack Rabbit	
Juice, Orange	Blood and Sand	
Juice, Orange	Bronx	
Juice, Orange	Espresso Bongo	
Juice, Orange	Fog Cutter	
Juice, Orange	Monkey Gland	
Juice, Orange	Perfect Pear	
Juice, Orange	Swollen Gland	
Juice, Orange	Ward Eight	
Juice, Pineapple	Algonquin	
Juice, Pineapple	Beachbum	
Juice, Pineapple	Blackbeard	
Juice, Pineapple	Coconut Colada	
Juice, Pineapple	Death Bed	
Juice, Pineapple	East India Company	
Juice, Pineapple	El Burro	
Juice, Pineapple	Espresso Bongo	
Juice, Pineapple	Field Cocktail	
Juice, Pineapple	Flying Dutchman	
Juice, Pineapple	Golden Star Fizz	
Juice, Pineapple	Hotel Nacional Special	
Juice, Pineapple	Left Coast	
Juice, Pineapple	Mariner	
Juice, Pineapple	Mary Pickford	
Juice, Pineapple	Silver Root Beer Fizz	
Juice, Pineapple	Singapore Sling	
Juice, Watermelon	Melon Stand	
Juice, Watermelon	Pharoaoh Cooler	
Kahlúa	Cafe Arroz	
Kirschwasser	Black Jack	Clear Creek
Kirschwasser	Cuzco	rinse, Clear Creek
Kirschwasser	Mount Vernon	Clear Creek
Kirschwasser	New Amsterdam	Clear Creek
Kirschwasser	Rose	Clear Creek
Kirschwasser	Triborough	Clear Creek
Licor 43	Silver Lining	
Lillet Blanc	20th Century	
Lillet Blanc	Albert Mathieu	
Lillet Blanc	Brown Bomber	
Lillet Blanc	Corpse Reviver No.2	
Lillet Blanc	Edgewood	
Lillet Blanc	Harvest Moon	
Lillet Blanc	Nouveau Carré	
Lillet Blanc	Paddington	
Lillet Blanc	Pearl Button	
Lillet Blanc	Prince Edward	
Lillet Blanc	South Slope	
Lillet Blanc	Velvet Club	
Lillet Blanc	Vesper	
Lillet Blanc	Weeski	
Lillet Blanc	White Negroni	
Lillet Rouge	Blackthorn Rose	
Lillet Rouge	La Louche	
Lillet Rouge	Wrong Aisle	
Luxardo Bitter	Bizet	
Luxardo Bitter	Lacrimosa	
Luxardo Amaretto	Figetaboutit	
Luxardo Amaretto	Masataka Swizzle	
Luxardo Amaretto	Midnight Express	
Luxardo Maraschino	Aviation	
Luxardo Maraschino	Brandy Crusta	
Luxardo Maraschino	Brooklyn	
Luxardo Maraschino	Cherry Pop	
Luxardo Maraschino	Flying Dutchman	
Luxardo Maraschino	Hemingway Daiquiri	
Luxardo Maraschino	Improved Whiskey Cocktail	
Luxardo Maraschino	Last Word	
Luxardo Maraschino	Left Coast	
Luxardo Maraschino	Little Bit Country	
Luxardo Maraschino	Martinez	
Luxardo Maraschino	Mary Pickford	
Luxardo Maraschino	Newark	
Luxardo Maraschino	Tuxedo	
Madeira	Kansai Kick	Blandy's Sercial
Madeira	Prince of Wales	Blandy's Sercial
Mezcal	Against All Odds	rinse, Illegal Reposado
Mezcal	Beer and Smoke	Sombra
Mezcal	Eclipse Cocktail	rinse, Del Maguey Vida
Mezcal	El Molino	Sombra
Mezcal	El Puente	rinse, Del Maguey Vida
Mezcal	Mezcal Mule	Sombra
Mezcal	Pearl of Puebla	Sombra
Mezcal	T&T	Sombra
Milk, Whole	Milk Punch	
Monteverdi Nocino	Noce Royale	
Nonino Amaro	Occidental	
Nonino Amaro	Solstice	
Nonino Gioiello	Kina Miele	
Orgeat	Beachbum	
Orgeat	Cameron's Kick	
Orgeat	Cavalier	
Orgeat	Fog Cutter	
Orgeat	Japanese Cocktail	
Orgeat	Kansai Kick	
Orgeat	Luau	
Orgeat	Mai-Tai	
Orgeat	Parkside Fizz	
Orgeat	Rio Bravo	
Orgeat	Rust Belt	
Orgeat	Wellington Fizz	
Peach Liqueur	Fish House Punch	Mathilde Pêche
Pear Liqueur	La Perla	Mathilde Pear
Pear Liqueur	Sage Old Buck	Belle de Brillet
Pear Liqueur	Statesman	Rothman & Winter
Pernod	21st Century	
Pernod	Paul's Club Cocktail	
Pernod	Pearl of Puebla	
Pernod	Remember the Maine	
Pimms #1	Pimms Cup	
Pomogranate Liqueur	Raspberries Reaching	
Port	Betsy Ross	Dow's Ruby
Port	Coffee Cocktail	Noval Black
Port	New York Flip	Noval Black
Port	Noval Cup	Noval Black
Port	Professor	Dow's Tawny
Port	Silver Sangaree	Dow's Ruby
Preserves, Raspberry	Rose	
Preserves, Strawberry	Talbott Leaf	
Punsch	Gold Coast	
Punt e Mes	Edgewood	
Punt e Mes	Greenpoint	
Punt e Mes	Resting Point	
Punt e Mes	Triborough	
Purée, Passion Fruit	Luau	
Purée, Passion Fruit	Mezcal Mule	
Purée, Passion Fruit	Wellington Fizz	
Purée, Rhubarb	Rhubarbarita	
Purée, Tamarind	T&T	
Root Beer	Silver Root Beer Fizz	
Rhum	Ti-Punch	Neisson Rhum Reserve Speciale
Rhum	Chien Chaud	J.M. Rhum Blanc
Rhum	Coda	Neisson Rhum Blanc
Rhum	Girl From Jerez	Rhum Clément  VSOP
Rhum	Mai-Tai	Rhum Clément  VSOP
Rhum	Nth Degree	Rhum Clément  VSOP
Rhum	Professor	Rhum Clément  VSOP
Rhum	Queens Park Swizzle	Barbancourt 8 yo
Rhum	Remember Maine	Rhum Clément  VSOP
Rhum	Rust Belt	Barbancourt 8 yo
Rum	Airmail	Banks 5 Island
Rum	Apple Daiquiri	Flor de Caña Silver Dry
Rum	Beachbum	Mount Gay Eclipse Amber, Flor de Caña Silver Dry
Rum	Betula	Matusalem Gran Reserva
Rum	Black Flip	Cruzan Black Strap
Rum	Cinema Highball	buttered popcorn-infused, Flor de Caña Silver Dry
Rum	Coconut Colada	Flor de Caña Silver Dry
Rum	Coda	Pampero Aniversario
Rum	Conquistador	Matusalem Gran Reserva
Rum	Crimson Tide	Lemon Hart Overproof
Rum	Death Bed	Pampero Aniversario
Rum	Daiquiri	Banks 5 Island
Rum	East India Company	Pampero Aniversario
Rum	Espresso Bongo	Appleton Reserve
Rum	Fish House Punch	Gosling's Black Seal
Rum	Fog Cutter	Bacardi 8
Rum	Foreign Legion	Mount Gay XO
Rum	Hemingway Daiquiri	Banks 5 Island
Rum	Hotel Nacional Special	Bacardi 8
Rum	La Florida Cocktail	Banks 5 Island
Rum	Luau	Wray & Nephew Overproof, Appleton Estate V/X, El Dorado 15 yo
Rum	Mai-Tai	Banks 5 Island
Rum	Mary Pickford	Banks 5 Island
Rum	Milk Punch	Myer's Dark
Rum	Mojito	Banks 5 Island
Rum	Mum's Apple Pie	Havana Club 7 yo
Rum	Navy Grog	Gosling's Black Seal, Appleton Reserve, El Dorado 15 yo
Rum	Paddington	Banks 5 Island
Rum	Plátanos en Mole Old Fashioned	Zacapa 23 Centenario
Rum	Mo	Banks 5 Island
Rum	Romeo y Julieta	Zacapa 23 Centenario
Rum	Royal Bermuda Yachtclub Cocktail	Mount Gay Eclipse Amber, Flor de Caña Silver Dry
Rum	Silver Root Beer Fizz	Mount Gay Eclipse White, Smith & Cross Jamaican
Rum	Zombie Punch	Appleton Estate Reserve, Bacardi 8, Lemon Hart Overproof
Sake	100 Year Punch	Bek Se Ju 100-year Wine
Sake	Bee's Sip	Masumi "Okuden" Junmai
Sake	Brewer's Breakfast	Masumi Arabashiri
Sake	Japanese Courage	Kamoizumi "Shusen"
Sake	Koyo	Masumi "Okuden" Junmai
Sake	Mint Apple Crisp	Masumi Arabashiri
Sake	Nigori Milk Punch	Kamoizumi Nigori
Sake	Spice Market	Masumi Arabashiri
Sambuca	Blackstar	Borsci
Schnapps, Apple	Apple Daiquiri	Schönauer Apfel
Schnapps, Apple	Johnny Apple Collins	Schönauer Apfel
Schnapps, Apple	Norman Inversion	Schönauer Apfel
Sherry	#8	Lustau Palo Cortado
Sherry	Condiment Cocktail	Lustau Palo Cortado
Sherry	Cranberry Cobbler	Lustau East India
Sherry	Dewey D.	Lustau East India
Sherry	Dulce de Leche	Toro Albala Pedro Ximenez
Sherry	El Molino	Lustau Palo Cortado
Sherry	Fog Cutter	Lustau Cream
Sherry	Foreign Legion	Lustau Manzanilla
Sherry	Girl From Jerez	Lustau Pedro Ximenez
Sherry	King Bee	Lustau Palo Cortado
Sherry	La Perla	Lustau Manzanilla
Sherry	Lion's Tooth	Lustau Palo Cortado
Sherry	Mount Vernon	Lustau Pedro Ximenez
Sherry	Rapscallion	Lustau Pedro Ximenez
Sherry	Rye Witch	Lustau Palo Cortado
Sherry	Trident	Lustau Manzanilla
Sherry	Up to Date	Lustau Manzanilla
Sherry	Woolworth	Lustau Manzanilla
Shrubb, Concord Grape	Paul's Club Cocktail	
Shrubb, Creole	Against All Odds	Rhum Clément
Shrubb, Creole	L.E.S. Globetrotter	Rhum Clément
Shrubb, Creole	Rhum Club	Rhum Clément
Shrubb, Quince	Wrong Aisle	Huilerie Beaujolaise Vinaigre de Coing
Soda, Club	Americano Highball	
Soda, Club	Aperol Spritz	
Soda, Club	Crimson Tide	
Soda, Club	Gin & Tonic	
Soda, Club	Mojito	
Soda, Club	Morango Fizz	
Soda, Club	Noval Cup	
Soda, Club	Parkside Fizz	
Soda, Club	Pharoaoh Cooler	
Soda, Club	Ramos Gin Fizz	
Soda, Club	Silver Lining	
Soda, Club	Sloe Gin Fizz	
Soda, Club	Tom Collins	
Soda, Club	Wellington Fizz	
Soda, Club	White Birch Fizz	
Soda, Coca-Cola	Cinema Highball	
Soda, Grapefruit	Paloma	
Soda, Lemon	Johnny Apple Collins	
Soda, Lemon	Pearl Button	Limonata
Sorbet	Coconut Colada	
Sorrel, Spiced	Crimson Tide	
Strega	Heirloom	
Strega	Rye Witch	
Strega	White Birch Fizz	
Strega	Witch's Kiss	
Suze	Brown Bomber	
Suze	White Birch Fizz	spritz
Suze	White Negroni	
Syrup, Agave	Blackbeard	
Syrup, Agave	Lawn Dart	
Syrup, Agave	Margarita	
Syrup, Agave	Mezcal Mule	
Syrup, Agave	Pearl of Puebla	
Syrup, Agave	Red-Headed Saint	
Syrup, Agave	Resting Point	
Syrup, Agave	Tommy's Margarita	
Syrup, Black Cardamon	Mariner	
Syrup, Cane Sugar	Rhum Club	
Syrup, Cane Sugar	Shiso Delicious	
Syrup, Cane Sugar	Ti-Punch	
Syrup, Caramelized Simple	Silk Road	
Syrup, Clove	Silver Sangaree	
Syrup, Cranberry	Cranberry Cobbler	
Syrup, Demerara	Masataka Swizzle	
Syrup, Demerara	Mum's Apple Pie	
Syrup, Demerara	New Amsterdam	
Syrup, Demerara	Nth Degree	
Syrup, Demerara	Old-Fashioned Whiskey Cocktail	
Syrup, Demerara	Queens Park Swizzle	
Syrup, Demerara	Rack & Rye	
Syrup, Demerara	Single Malt Sangaree	
Syrup, Grapefruit	Swiss Mist	
Syrup, Honey	Airmail	
Syrup, Honey	Bee's Knees	
Syrup, Honey	Brown Derby	
Syrup, Honey	Falling Leaves	
Syrup, Honey	Gold Rush	
Syrup, Honey	Imperial Silver Corn Fizz	
Syrup, Honey	Japanese Courage	
Syrup, Honey	Le Père Bis	
Syrup, Honey	Navy Grog	
Syrup, Honey	St. Rita	
Syrup, Kumquat	Kin Kan	
Syrup, Lemon	Reverend Palmer	
Syrup, Lemongrass	Brazilian Tea Punch	
Syrup, Maple	Applejack Rabbit	
Syrup, Maple	Benton's Old-Fashioned	
Syrup, Maple	Betula	
Syrup, Maple	Great Pumpkin	
Syrup, Maple	Little Bit Country	
Syrup, Maple	Master Cleanse	
Syrup, Maple	Nouveau Sangaree	
Syrup, Maple	Pumpkin Toddy	
Syrup, Rice	100 Year Punch	Ssal-Yut
Syrup, Rose	Blackthorn Rose	
Syrup, Tonic	Gin & Tonic	
Syrup, Vanilla	Sage Old Buck	
Tea, Chamomile	Le Père Bis	
Tea, Jasmine	Golden Star Fizz	
Tea, Hibiscus	Green Harvest	
Tequila, Añejo	Dulce de Leche	Don Julio
Tequila, Añejo	Eclipse Cocktail	El Tesoro
Tequila, Añejo	Nouveau Carré	Ocho
Tequila, Blanco	Conquistador	Siembra Azul
Tequila, Blanco	East Village Athletic Club Cocktail	Siembra Azul
Tequila, Blanco	El Diablo	Siembra Azul
Tequila, Blanco	El Puente	José Cuervo Platino
Tequila, Blanco	Fresa Verde	Gran Centenario
Tequila, Blanco	Green Harvest	José Cuervo Platino
Tequila, Blanco	Lawn Dart	Partida
Tequila, Blanco	Margarita	El Tesoro
Tequila, Blanco	Pharoaoh Cooler	Partida
Tequila, Blanco	Rhubarbarita	Partida
Tequila, Blanco	Siesta	El Tesoro Platinum
Tequila, Blanco	Tommy's Margarita	L&J
Tequila, Blanco	T&T	Siembra Azul
Tequila, Blanco	Witch's Kiss	José Cuervo Platino
Tequila, Reposado	#8	Don Julio
Tequila, Reposado	212	Partida
Tequila, Reposado	Águila Azteca	José Cuervo Tradicional
Tequila, Reposado	Cafe Arroz	Gran Centenario
Tequila, Reposado	Condiment Cocktail	Partida
Tequila, Reposado	El Burro	Siembra Azul
Tequila, Reposado	Frambroise Fizz	Siete Leguas
Tequila, Reposado	La Perla	Partida
Tequila, Reposado	Mexicano	Partida
Tequila, Reposado	Paloma	Siete Leguas
Tequila, Reposado	Resting Point	Siete Leguas
Tequila, Reposado	Rosita	Partida
Tequila, Reposado	Shaddock Rose	El Tesoro
Tincture, Goldenseal	Master Cleanse	
Tincture, Lavender	Flora Astoria	
Trader Tiki's Don's Mix	Zombie Punch	
Vermouth, Bianco/Blanc	Astoria Bianco	Martini
Vermouth, Bianco/Blanc	El Puente	Martini
Vermouth, Bianco/Blanc	Ephemeral	Dolin
Vermouth, Bianco/Blanc	Flora Astoria	Dolin
Vermouth, Dry	Algonquin	Dolin
Vermouth, Dry	Berlioni	Noilly Prat
Vermouth, Dry	Black Thorn (Irish)	Dolin
Vermouth, Dry	Brooklyn	Dolin
Vermouth, Dry	Bronx	Dolin
Vermouth, Dry	Caprice	Dolin
Vermouth, Dry	Chrysanthemum	Dolin
Vermouth, Dry	Dry County Cocktail	Dolin
Vermouth, Dry	Field Cocktail	Noilly Prat
Vermouth, Dry	Flora Astoria	Dolin
Vermouth, Dry	Kina Miele	Dolin
Vermouth, Dry	Old Pal	Dolin
Vermouth, Dry	Paddy Wallbanger	Dolin
Vermouth, Dry	Rite of Spring	Vya
Vermouth, Dry	Rose	Noilly Prat
Vermouth, Dry	Rosita	Dolin
Vermouth, Dry	Smoky Grove	Dolin
Vermouth, Dry	Tuxedo	Dolin
Vermouth, Dry	Vaccari	Dolin
Vermouth, Sweet	#3 Cup	Martini
Vermouth, Sweet	Americano Highball	Carpano Antica
Vermouth, Sweet	Bijou	Dolin
Vermouth, Sweet	Blackthorn (English)	Carpano Antica
Vermouth, Sweet	Blood and Sand	Carpano Antica
Vermouth, Sweet	Bobby Burns	Martini
Vermouth, Sweet	Bronx	Carpano Antica
Vermouth, Sweet	Bubbaloo	Carpano Antica
Vermouth, Sweet	De la Louisiane	Dolin
Vermouth, Sweet	Hanky Panky	Carpano Antica
Vermouth, Sweet	Harvest Sling	Martini
Vermouth, Sweet	La Florida Cocktail	Martini
Vermouth, Sweet	Left Hand Cocktail	Carpano Antica
Vermouth, Sweet	Manhattan	Martini
Vermouth, Sweet	Martinez	Dolin
Vermouth, Sweet	Negroni	Martini
Vermouth, Sweet	Newark	Vya
Vermouth, Sweet	Persephone	Dolin
Vermouth, Sweet	Professor	Carpano Antica
Vermouth, Sweet	Red Devil	jujube tea-infused, Vya
Vermouth, Sweet	Remember the Maine	Carpano Antica
Vermouth, Sweet	Rob Roy	Dolin
Vermouth, Sweet	Romeo y Julieta	Carpano Antica
Vermouth, Sweet	Rosita	Martini
Vermouth, Sweet	Smoky Grove	Carpano Antica
Vermouth, Sweet	Tipperary Cocktail	Carpano Antica
Vermouth, Sweet	Vieux Carré	Carpano Antica
Vodka	Blackstar	Smirnoff Black
Vodka	Gold Coast	Karlsson's Gold
Vodka	Mint Apple Crisp	Heart of the Hudson Apple
Vodka	Moscow Mule	Smirnoff Black
Vodka	Parkside Fizz	Hangar One Buddha's Hand
Vodka	Tao of Pooh	42 Below Manuka Honey
Vodka	Vesper	Belvedere
Vodka	Wellington Fizz	42 Below Kiwi
Water, Coconut	Chien Chaud	
Water, Coconut	Tao of Pooh	
Water, Corn	Imperial Silver Corn Fizz	
Water, Orange Flower	Ramos Gin Fizz	
Water, Rose Flower	Pharoaoh Cooler	
Water, Rose Flower	Raspberries Reaching	
Water, Tonic	100 Year Punch	
Whiskey, Bourbon	100 Year Punch	Elijah Craig 12 yo
Whiskey, Bourbon	Benton's Old-Fashioned	bacon-infused, Four Roses
Whiskey, Bourbon	Brown Derby	Maker's Mark
Whiskey, Bourbon	Figetaboutit	Bulleit
Whiskey, Bourbon	Gold Rush	Elijah Craig 12 yo
Whiskey, Bourbon	Johnny Apple Collins	Maker's Mark
Whiskey, Bourbon	Left Hand Cocktail	Elijah Craig 12 yo
Whiskey, Bourbon	Little Bit Country	Bulleit
Whiskey, Bourbon	Mae West Royal Diamond Fizz	goji berry-infused, Four Roses Single Barrel
Whiskey, Bourbon	Mint Julep	Booker's
Whiskey, Bourbon	Newfangled	Old Grand-Dad Bonded
Whiskey, Bourbon	New York Flip	Elijah Craig 12 yo
Whiskey, Bourbon	Reverend Palmer	black tea-infused, Elijah Craig 12 yo
Whiskey, Bourbon	Seelbach Cocktail	Bulleit
Whiskey, Bourbon	Staggerac	George T. Stagg or other high proof
Whiskey, Bourbon	Talbott Leaf	Old Grand-Dad Bonded
Whiskey, Bourbon	There Will Be Blood	Old Grand-Dad Bonded
Whiskey, Corn	Brewer's Breakfast	Glen Thunder
Whiskey, Irish	Against All Odds	Bushmills
Whiskey, Irish	Black Thorn (Irish)	Black Bush
Whiskey, Irish	Cameron's Kick	Jameson
Whiskey, Irish	Hotel d'Alsace	Bushmills
Whiskey, Irish	Lake George	Jameson
Whiskey, Irish	Paddy Wallbanger	Black Bush
Whiskey, Irish	Tipperary Cocktail	Black Bush
Whiskey, Irish	Weeski	Jameson
Whiskey, Rye	Algonquin	Rittenhouse
Whiskey, Rye	Betula	birch-infused, Rittenhouse
Whiskey, Rye	Blinker	Wild Turkey
Whiskey, Rye	Brooklyn	Rittenhouse
Whiskey, Rye	De la Louisiane	Wild Turkey
Whiskey, Rye	Deshler	Rittenhouse
Whiskey, Rye	Dewey D.	Old Overholt
Whiskey, Rye	Diamondback	Rittenhouse
Whiskey, Rye	Duboudreau Cocktail	Rittenhouse
Whiskey, Rye	Frisco	Old Potrero Hotaling's
Whiskey, Rye	Great Pumpkin	Rittenhouse
Whiskey, Rye	Greenpoint	Rittenhouse
Whiskey, Rye	Harvest Moon	Wild Turkey
Whiskey, Rye	Improved Whiskey Cocktail	Rittenhouse
Whiskey, Rye	Junior	Rittenhouse
Whiskey, Rye	Lacrimosa	Rittenhouse
Whiskey, Rye	Lion's Tooth	dandelion root-infused, Rittenhouse
Whiskey, Rye	L.E.S. Globetrotter	Wild Turkey
Whiskey, Rye	Manhattan	Wild Turkey
Whiskey, Rye	Old-Fashioned Whiskey Cocktail	Wild Turkey
Whiskey, Rye	Old Pal	Old Overholt
Whiskey, Rye	Pumpkin Toddy	Rittenhouse
Whiskey, Rye	Rack & Rye	Wild Turkey Russel's Reserve 6 yo
Whiskey, Rye	Rattlesnake	Rittenhouse
Whiskey, Rye	Remember the Maine	Wild Turkey Russel's Reserve 6 yo
Whiskey, Rye	Rye Witch	Rittenhouse
Whiskey, Rye	Sazerac	Rittenhouse
Whiskey, Rye	Silver Lining	Old Overholt
Whiskey, Rye	Solstice	Rittenhouse
Whiskey, Rye	Triborough	Wild Turkey
Whiskey, Rye	Up to Date	Wild Turkey
Whiskey, Rye	Vieux Carré	Sazerac 6 yo
Whiskey, Rye	Ward Eight	Rittenhouse
Whiskey, Rye	Whiskey Smash	Rittenhouse
Whisky, Blended Scotch	Apple Malt Toddy	Chivas Regal 12 yo
Whisky, Blended Scotch	Blood and Sand	Famous Grouse
Whisky, Blended Scotch	Cameron's Kick	Famous Grouse
Whisky, Blended Scotch	Gilchrist	Compass Box Asyla
Whisky, Blended Scotch	Mariner	Compass Box Oak Cross
Whisky, Blended Scotch	Prince Edward	Compass Box Oak Cross
Whisky, Blended Scotch	Rob Roy	Famous Grouse
Whisky, Blended Scotch	Rusty Nail	Famous Grouse
Whisky, Blended Scotch	Silver Sangaree	Famous Grouse
Whisky, Blended Scotch	Smoky Grove	Compass Box Peat Monster
Whisky, Blended Scotch	Vaccari	chamomile-infused, Compass Box Asyla
Whisky, Blended Scotch	Woolworth	Compass Box Asyla
Whisky, Japanese Malt	Kansai Kick	Yamazaki 12 yo
Whisky, Japanese Malt	Masataka Swizzle	Nikka Taketsuru 12 yo
Whisky, Japanese Malt	Shiso Malt Sour	Yamazaki 12 yo
Whisky, Single Malt Scotch	Bobby Burns	Benromach 12 yo
Whisky, Single Malt Scotch	Lake George	Glenlivet 12 yo
Whisky, Single Malt Scotch	Le Père Bis	Ardbeg 10 yo
Whisky, Single Malt Scotch	Rapscallion	Talisker 10 yo
Whisky, Single Malt Scotch	Sage Old Buck	Benromach 12 yo
Whisky, Single Malt Scotch	Single Malt Sangaree	Oban 14 yo
Whisky, Single Malt Scotch	Vauvert Slim	Laphroaig 10 yo
Whisky, Tennessee	Brown Bomber	George Dickel No. 12
Whisky, Tennessee	Dry County Cocktail	George Dickel No. 12
Whisky, Tennessee	Imperial Silver Corn Fizz	George Dickel No. 12
Whiskey, Wheat	Frankfort Rose	hibiscus-infused, Bernheim
Wine, Beaujolais Nouveau	Nouveau Sangaree	
Wine, Cabernet Franc	Silver Sangaree	Paumanok
Wine, Cabernet Franc	Single Malt Sangaree	Paumanok
Wine, Champagne	Airmail	Moët Imperial
Wine, Champagne	Bizet	Moët Imperial
Wine, Champagne	Champagne Cocktail	Moët Imperial
Wine, Champagne	Donizetti	Moët Imperial
Wine, Champagne	French 75	Moët Imperial
Wine, Champagne	Imperial Blueberry Fizz	Moët Imperial
Wine, Champagne	Imperial Silver Corn Fizz	Moët Imperial
Wine, Champagne	Jimmie Roosevelt	Moët Imperial
Wine, Champagne	May Day	Moët Imperial
Wine, Champagne	Mexicano	Moët Imperial
Wine, Champagne	Noce Royale	Moët Imperial
Wine, Champagne	Prince of Wales	Moët Imperial
Wine, Champagne	Seelbach Cocktail	Moët Imperial
Wine, Champagne	Velvet Club	Moët Imperial
Wine, Chardonnay	Against All Odds	Channing Daughters Scuttlehole
Wine, Chardonnay	Henry Hudson	Channing Daughters Scuttlehole
Wine, Prosecco	Aperol Spritz	Carpenè Malvolti
Wine, Reisling	Falling Leaves	Dr. Konstantin Frank
Wine, Rosé	Bizet	Shinn Estate
Wine, Tokaji	Raspberries Reaching	Tokaji Aszú 5 Puttonyos "Red Label"
Zwack	St. Rita	